vehicle_key,vehicle_type,vehicle_make,vehicle_model
101,Truck,Chevrolet,Model C
102,SUV,Hyundai,Model E
103,Bus,Hyundai,Model E
104,Van,Ford,Model B
105,Van,BMW,Model A
106,Truck,Toyota,Model C
107,Car,Nissan,Model D
108,Bus,Toyota,Model B
109,Van,Mercedes,Model C
110,Truck,Toyota,Model C
111,Van,Ford,Model D
112,Pickup,Ford,Model C
113,Bus,Honda,Model A
114,Bus,Hyundai,Model A
115,Pickup,Nissan,Model A
116,Motorcycle,Honda,Model C
117,Pickup,Toyota,Model A
118,SUV,BMW,Model D
119,SUV,Honda,Model C
120,Truck,Honda,Model E
121,Bus,Ford,Model C
122,Motorcycle,BMW,Model D
123,Motorcycle,Mercedes,Model E
124,Van,Toyota,Model C
125,Van,Honda,Model A
126,Pickup,BMW,Model B
127,Motorcycle,Hyundai,Model B
128,Pickup,Nissan,Model A
129,Pickup,BMW,Model B
130,Van,Hyundai,Model B
131,Bus,Toyota,Model A
132,Pickup,BMW,Model A
133,Car,Hyundai,Model C
134,Bus,BMW,Model C
135,Motorcycle,BMW,Model A
136,Motorcycle,Nissan,Model D
137,Pickup,Hyundai,Model B
138,Bus,Hyundai,Model C
139,Van,Honda,Model B
140,Van,Toyota,Model E
141,SUV,Nissan,Model A
142,Motorcycle,BMW,Model D
143,Truck,BMW,Model E
144,SUV,Honda,Model E
145,Van,Toyota,Model E
146,Bus,Ford,Model A
147,Van,Nissan,Model C
148,Bus,Honda,Model A
149,SUV,Toyota,Model C
150,Motorcycle,Nissan,Model E
151,Van,BMW,Model E
152,Pickup,Toyota,Model D
153,Bus,Toyota,Model C
154,Motorcycle,Mercedes,Model E
155,Truck,Toyota,Model B
156,Bus,Ford,Model D
157,SUV,Toyota,Model A
158,Truck,Ford,Model D
159,Truck,BMW,Model B
160,Car,Ford,Model C
161,Van,Nissan,Model A
162,Bus,BMW,Model A
163,Truck,BMW,Model C
164,Car,Ford,Model D
165,SUV,Hyundai,Model E
166,Motorcycle,Honda,Model D
167,Pickup,Chevrolet,Model B
168,Pickup,Hyundai,Model E
169,Bus,Toyota,Model D
170,Truck,Mercedes,Model C
171,Pickup,Chevrolet,Model B
172,Van,Toyota,Model B
173,Pickup,Hyundai,Model B
174,Pickup,Hyundai,Model E
175,Pickup,Toyota,Model A
176,Car,BMW,Model E
177,Truck,Toyota,Model D
178,Van,Mercedes,Model A
179,Truck,Hyundai,Model D
180,Bus,Toyota,Model A
181,Bus,Ford,Model E
182,Bus,Chevrolet,Model B
183,SUV,Ford,Model C
184,Pickup,Mercedes,Model B
185,SUV,Toyota,Model E
186,Car,Nissan,Model A
187,Bus,Mercedes,Model B
188,Van,BMW,Model E
189,Truck,Ford,Model D
190,Pickup,Ford,Model C
191,Motorcycle,Honda,Model B
192,Van,Toyota,Model A
193,Pickup,BMW,Model D
194,SUV,Nissan,Model E
195,SUV,Ford,Model C
196,Van,Ford,Model A
197,SUV,BMW,Model E
198,Bus,Mercedes,Model E
199,Car,Mercedes,Model B
200,Truck,Toyota,Model B
201,Car,Hyundai,Model A
202,Pickup,Honda,Model E
203,Truck,Ford,Model B
204,Truck,Hyundai,Model C
205,Car,Hyundai,Model C
206,Van,Honda,Model E
207,Truck,Hyundai,Model B
208,Car,Hyundai,Model A
209,Truck,Mercedes,Model A
210,Motorcycle,Mercedes,Model A
211,Van,Chevrolet,Model C
212,Bus,Nissan,Model B
213,Truck,Toyota,Model B
214,Motorcycle,Hyundai,Model C
215,Bus,Chevrolet,Model A
216,Bus,Nissan,Model A
217,Pickup,Chevrolet,Model E
218,Truck,Chevrolet,Model D
219,Car,Toyota,Model B
220,Truck,Toyota,Model B
221,Motorcycle,BMW,Model B
222,Bus,Honda,Model D
223,Truck,Honda,Model E
224,Car,BMW,Model D
225,Pickup,BMW,Model A
226,Truck,Mercedes,Model A
227,Van,Nissan,Model B
228,Pickup,Chevrolet,Model C
229,Car,Hyundai,Model B
230,Motorcycle,BMW,Model C
231,Bus,Ford,Model D
232,Truck,Honda,Model A
233,Car,BMW,Model C
234,Pickup,Ford,Model D
235,Van,Ford,Model A
236,Car,Ford,Model C
237,SUV,Mercedes,Model B
238,Van,Mercedes,Model B
239,Pickup,Hyundai,Model B
240,Motorcycle,Hyundai,Model D
241,Bus,Ford,Model B
242,Pickup,Nissan,Model E
243,Motorcycle,Mercedes,Model A
244,Truck,Chevrolet,Model D
245,Car,Ford,Model B
246,SUV,Chevrolet,Model A
247,Van,Chevrolet,Model C
248,Van,Ford,Model B
249,Car,Honda,Model A
250,SUV,Nissan,Model E
251,Car,Ford,Model C
252,Truck,Hyundai,Model E
253,Motorcycle,Ford,Model A
254,Pickup,Mercedes,Model E
255,Van,Ford,Model A
256,Truck,Honda,Model A
257,Motorcycle,Mercedes,Model E
258,Truck,Hyundai,Model A
259,SUV,Toyota,Model B
260,Van,Toyota,Model A
261,Pickup,Chevrolet,Model D
262,Car,Nissan,Model A
263,Car,Chevrolet,Model D
264,Motorcycle,Honda,Model A
265,Pickup,BMW,Model A
266,Bus,Hyundai,Model E
267,SUV,Nissan,Model B
268,Motorcycle,Hyundai,Model B
269,Bus,Toyota,Model C
270,Truck,Chevrolet,Model E
271,SUV,Hyundai,Model E
272,Truck,Toyota,Model B
273,Pickup,Honda,Model E
274,Van,Honda,Model B
275,SUV,BMW,Model E
276,Bus,Hyundai,Model A
277,Van,BMW,Model B
278,Car,Mercedes,Model B
279,Bus,Nissan,Model D
280,Motorcycle,Hyundai,Model E
281,Car,Honda,Model E
282,Car,Chevrolet,Model B
283,Motorcycle,Toyota,Model A
284,SUV,Ford,Model A
285,Car,BMW,Model A
286,Pickup,Ford,Model E
287,Bus,Hyundai,Model D
288,Van,Chevrolet,Model B
289,Car,BMW,Model C
290,Bus,Ford,Model D
291,Truck,Nissan,Model C
292,Bus,Chevrolet,Model D
293,Van,Toyota,Model A
294,Bus,Nissan,Model E
295,Motorcycle,Chevrolet,Model C
296,Van,Mercedes,Model D
297,SUV,BMW,Model E
298,Truck,Honda,Model C
299,Motorcycle,Toyota,Model B
300,SUV,Hyundai,Model D
301,Bus,Nissan,Model B
302,Van,Nissan,Model A
303,Truck,Ford,Model B
304,Motorcycle,BMW,Model B
305,SUV,Hyundai,Model D
306,SUV,Honda,Model A
307,Truck,Chevrolet,Model B
308,Pickup,Honda,Model E
309,Bus,BMW,Model C
310,Truck,BMW,Model B
311,SUV,Mercedes,Model A
312,Car,Mercedes,Model B
313,Motorcycle,Honda,Model C
314,Truck,Chevrolet,Model A
315,Pickup,Honda,Model D
316,SUV,BMW,Model A
317,Bus,BMW,Model D
318,SUV,Ford,Model A
319,Bus,Mercedes,Model C
320,Truck,Hyundai,Model C
321,Bus,Hyundai,Model A
322,Van,Hyundai,Model B
323,Van,Ford,Model C
324,Van,Toyota,Model D
325,Pickup,Hyundai,Model D
326,Pickup,BMW,Model E
327,Car,Ford,Model D
328,Pickup,Honda,Model E
329,Truck,Mercedes,Model A
330,SUV,Mercedes,Model A
331,SUV,Chevrolet,Model A
332,Car,Honda,Model B
333,Pickup,Chevrolet,Model B
334,Bus,Ford,Model E
335,Car,Nissan,Model D
336,Bus,Hyundai,Model D
337,Bus,Toyota,Model A
338,Motorcycle,Honda,Model C
339,SUV,Honda,Model B
340,Van,Honda,Model B
341,Pickup,Chevrolet,Model A
342,Bus,Ford,Model B
343,Motorcycle,Honda,Model A
344,SUV,Nissan,Model E
345,Van,Honda,Model D
346,Bus,Mercedes,Model C
347,Bus,Hyundai,Model D
348,Car,Toyota,Model D
349,Car,Hyundai,Model E
350,SUV,Mercedes,Model B
351,Van,Mercedes,Model C
352,Bus,Toyota,Model B
353,SUV,Nissan,Model D
354,SUV,Ford,Model A
355,Truck,Mercedes,Model D
356,Pickup,Ford,Model B
357,Car,Mercedes,Model D
358,Van,BMW,Model A
359,Bus,Toyota,Model E
360,SUV,Mercedes,Model B
361,Bus,BMW,Model D
362,Truck,Hyundai,Model B
363,Van,Chevrolet,Model E
364,SUV,BMW,Model D
365,Bus,Honda,Model D
366,Car,Mercedes,Model B
367,Pickup,BMW,Model B
368,Truck,Ford,Model A
369,Van,Chevrolet,Model E
370,Truck,Nissan,Model A
371,Car,Mercedes,Model D
372,Van,Honda,Model B
373,Truck,Nissan,Model D
374,Motorcycle,BMW,Model D
375,Car,Nissan,Model C
376,Car,Nissan,Model C
377,Car,Chevrolet,Model D
378,Motorcycle,Hyundai,Model B
379,Motorcycle,Nissan,Model D
380,Bus,Nissan,Model C
381,SUV,Mercedes,Model B
382,Pickup,Hyundai,Model D
383,Truck,Chevrolet,Model E
384,Bus,Honda,Model E
385,Truck,BMW,Model D
386,Pickup,Chevrolet,Model B
387,SUV,Chevrolet,Model D
388,Motorcycle,Toyota,Model D
389,SUV,Chevrolet,Model C
390,Motorcycle,Hyundai,Model E
391,Pickup,Toyota,Model C
392,SUV,BMW,Model C
393,Bus,Nissan,Model D
394,Van,Mercedes,Model C
395,Bus,Mercedes,Model E
396,Truck,BMW,Model C
397,Bus,BMW,Model E
398,Pickup,Hyundai,Model C
399,Car,Ford,Model E
400,Truck,Nissan,Model C
401,SUV,BMW,Model C
402,Truck,Chevrolet,Model B
403,Van,Hyundai,Model E
404,Motorcycle,Mercedes,Model E
405,SUV,Honda,Model E
406,Truck,Hyundai,Model A
407,SUV,Mercedes,Model C
408,SUV,Toyota,Model E
409,SUV,Hyundai,Model A
410,Motorcycle,Mercedes,Model B
411,Pickup,Ford,Model E
412,Bus,Hyundai,Model E
413,SUV,Hyundai,Model A
414,Car,Nissan,Model C
415,Pickup,BMW,Model B
416,Van,Nissan,Model E
417,Motorcycle,Hyundai,Model C
418,Truck,BMW,Model B
419,Motorcycle,Mercedes,Model D
420,Truck,Honda,Model D
421,Motorcycle,Honda,Model B
422,Truck,Hyundai,Model A
423,SUV,Ford,Model B
424,Bus,Toyota,Model B
425,Truck,Mercedes,Model A
426,Truck,BMW,Model A
427,Car,Hyundai,Model C
428,Truck,Mercedes,Model C
429,Car,Hyundai,Model A
430,Van,Ford,Model D
431,SUV,Chevrolet,Model D
432,Car,Chevrolet,Model B
433,Bus,Ford,Model E
434,Pickup,BMW,Model B
435,SUV,Nissan,Model B
436,Car,Ford,Model E
437,SUV,Hyundai,Model A
438,SUV,BMW,Model D
439,SUV,Honda,Model B
440,Van,Ford,Model E
441,Bus,BMW,Model C
442,Motorcycle,Ford,Model B
443,Motorcycle,Ford,Model D
444,Car,Nissan,Model A
445,SUV,Nissan,Model B
446,Car,Hyundai,Model B
447,Van,BMW,Model E
448,Van,BMW,Model C
449,Truck,Toyota,Model C
450,Van,Ford,Model A
451,Truck,Chevrolet,Model D
452,Bus,Ford,Model A
453,Car,Ford,Model B
454,Pickup,BMW,Model B
455,Bus,Ford,Model C
456,Van,Mercedes,Model D
457,Bus,Ford,Model E
458,Bus,Mercedes,Model D
459,Bus,Nissan,Model B
460,Van,Chevrolet,Model E
461,Pickup,Hyundai,Model D
462,SUV,BMW,Model D
463,Bus,Ford,Model E
464,Truck,Mercedes,Model B
465,Van,Mercedes,Model D
466,Bus,Nissan,Model E
467,Pickup,Mercedes,Model B
468,SUV,Hyundai,Model E
469,Van,Honda,Model E
470,Motorcycle,Toyota,Model D
471,SUV,Hyundai,Model B
472,Truck,Chevrolet,Model D
473,Bus,Hyundai,Model A
474,Pickup,Nissan,Model A
475,Motorcycle,Nissan,Model B
476,Pickup,Hyundai,Model E
477,Motorcycle,Ford,Model D
478,Van,Honda,Model D
479,Motorcycle,Ford,Model B
480,Truck,Ford,Model B
481,Truck,Hyundai,Model A
482,Car,BMW,Model C
483,Truck,BMW,Model B
484,SUV,BMW,Model C
485,Motorcycle,Honda,Model B
486,Truck,Ford,Model E
487,Van,Toyota,Model E
488,Pickup,Chevrolet,Model A
489,Pickup,BMW,Model A
490,Car,BMW,Model C
491,Pickup,Nissan,Model B
492,Motorcycle,Ford,Model D
493,Car,Ford,Model A
494,Motorcycle,Honda,Model D
495,Van,Honda,Model D
496,Car,BMW,Model B
497,Bus,Ford,Model C
498,SUV,Toyota,Model B
499,SUV,Chevrolet,Model A
500,Motorcycle,Hyundai,Model D
501,Pickup,Ford,Model B
502,Bus,Nissan,Model B
503,Car,Hyundai,Model B
504,Bus,Ford,Model A
505,Bus,Mercedes,Model C
506,Pickup,Honda,Model B
507,Car,Nissan,Model A
508,Van,Chevrolet,Model D
509,Pickup,BMW,Model E
510,Bus,Nissan,Model A
511,Bus,Ford,Model E
512,Van,BMW,Model B
513,Bus,Ford,Model B
514,Bus,BMW,Model A
515,Bus,Chevrolet,Model E
516,SUV,Honda,Model B
517,Pickup,Chevrolet,Model D
518,Truck,Mercedes,Model C
519,Pickup,Toyota,Model C
520,Van,Honda,Model B
521,Bus,Chevrolet,Model E
522,Pickup,Mercedes,Model B
523,SUV,Toyota,Model E
524,Van,Mercedes,Model D
525,Motorcycle,Ford,Model E
526,Pickup,Hyundai,Model B
527,Motorcycle,Ford,Model D
528,Bus,BMW,Model A
529,SUV,Honda,Model C
530,SUV,Ford,Model B
531,Pickup,Nissan,Model B
532,Van,Mercedes,Model B
533,Van,Honda,Model D
534,SUV,Hyundai,Model A
535,Van,Nissan,Model E
536,SUV,Ford,Model A
537,Pickup,BMW,Model D
538,Truck,Chevrolet,Model B
539,SUV,BMW,Model C
540,Motorcycle,Nissan,Model B
541,Van,Toyota,Model E
542,SUV,Ford,Model C
543,SUV,Nissan,Model B
544,Pickup,Toyota,Model C
545,Van,Toyota,Model A
546,Truck,Mercedes,Model D
547,Pickup,Honda,Model B
548,Truck,Mercedes,Model E
549,Pickup,Ford,Model A
550,Van,Toyota,Model B
551,Car,Hyundai,Model A
552,Van,Nissan,Model E
553,Van,Chevrolet,Model B
554,Truck,Toyota,Model E
555,Truck,Nissan,Model C
556,Van,Hyundai,Model E
557,Van,Chevrolet,Model C
558,Van,Mercedes,Model B
559,Truck,Mercedes,Model C
560,Van,Honda,Model B
561,Van,Nissan,Model B
562,Bus,Toyota,Model D
563,Car,BMW,Model B
564,Motorcycle,Mercedes,Model C
565,Car,Mercedes,Model D
566,Bus,Honda,Model D
567,Motorcycle,Chevrolet,Model B
568,Pickup,Honda,Model E
569,Van,Hyundai,Model E
570,Bus,Toyota,Model D
571,Pickup,Nissan,Model B
572,Van,Ford,Model E
573,Truck,Ford,Model B
574,SUV,Nissan,Model B
575,Bus,Chevrolet,Model D
576,Truck,Hyundai,Model D
577,Bus,Mercedes,Model A
578,Bus,Chevrolet,Model E
579,Truck,Mercedes,Model E
580,Motorcycle,Mercedes,Model E
581,Car,Ford,Model C
582,Van,Chevrolet,Model B
583,Bus,Hyundai,Model D
584,Van,Honda,Model E
585,SUV,Mercedes,Model A
586,Truck,BMW,Model E
587,Van,BMW,Model B
588,Truck,Honda,Model B
589,Van,BMW,Model D
590,Car,Toyota,Model C
591,Car,Mercedes,Model D
592,Car,Honda,Model E
593,Car,Chevrolet,Model A
594,Car,Mercedes,Model D
595,Car,Honda,Model C
596,Truck,Ford,Model D
597,Bus,Hyundai,Model B
598,Van,Chevrolet,Model E
599,Car,Hyundai,Model E
600,Truck,Ford,Model E
601,Truck,Mercedes,Model E
602,Truck,Chevrolet,Model E
603,Bus,Hyundai,Model E
604,Van,BMW,Model A
605,Bus,Hyundai,Model C
606,Motorcycle,Honda,Model E
607,Pickup,Mercedes,Model C
608,Truck,Toyota,Model E
609,Motorcycle,Hyundai,Model D
610,SUV,Chevrolet,Model E
611,Car,Chevrolet,Model B
612,Pickup,Nissan,Model A
613,Car,Hyundai,Model D
614,Bus,Mercedes,Model D
615,Pickup,Mercedes,Model B
616,Van,Ford,Model E
617,Motorcycle,Nissan,Model A
618,Van,Hyundai,Model D
619,Bus,BMW,Model A
620,Car,Ford,Model D
621,Pickup,Nissan,Model E
622,Van,Hyundai,Model D
623,Van,Hyundai,Model D
624,Car,Ford,Model C
625,Pickup,BMW,Model E
626,Motorcycle,Nissan,Model B
627,Car,Hyundai,Model B
628,Van,Hyundai,Model E
629,Motorcycle,Nissan,Model B
630,Motorcycle,Toyota,Model E
631,Car,Ford,Model B
632,Van,Ford,Model C
633,Bus,Chevrolet,Model B
634,Van,BMW,Model D
635,Truck,Honda,Model E
636,Pickup,Toyota,Model A
637,SUV,Nissan,Model A
638,Bus,Nissan,Model E
639,Motorcycle,Nissan,Model C
640,Bus,Toyota,Model B
641,Pickup,Hyundai,Model C
642,Motorcycle,Nissan,Model A
643,Pickup,Nissan,Model E
644,Motorcycle,BMW,Model E
645,Bus,Mercedes,Model C
646,Motorcycle,Mercedes,Model C
647,Motorcycle,Chevrolet,Model B
648,Truck,Chevrolet,Model D
649,Van,Nissan,Model D
650,Van,BMW,Model B
651,SUV,Nissan,Model D
652,SUV,Chevrolet,Model A
653,Truck,Toyota,Model D
654,SUV,Toyota,Model B
655,Pickup,Hyundai,Model D
656,Bus,Honda,Model E
657,Car,Mercedes,Model C
658,Pickup,BMW,Model A
659,Car,Ford,Model E
660,Car,Mercedes,Model E
661,Truck,Ford,Model B
662,Pickup,Honda,Model C
663,Truck,Honda,Model C
664,Motorcycle,Nissan,Model A
665,Car,Chevrolet,Model B
666,Bus,Honda,Model A
667,SUV,Honda,Model D
668,Bus,Ford,Model E
669,SUV,Chevrolet,Model A
670,Car,Honda,Model E
671,Car,Mercedes,Model B
672,Car,Hyundai,Model D
673,Truck,Honda,Model B
674,Pickup,Hyundai,Model D
675,SUV,Chevrolet,Model D
676,Pickup,Nissan,Model E
677,Truck,BMW,Model B
678,Truck,Chevrolet,Model B
679,Van,Ford,Model A
680,Bus,BMW,Model B
681,Bus,Mercedes,Model A
682,Motorcycle,Toyota,Model C
683,Truck,Hyundai,Model C
684,SUV,Hyundai,Model C
685,Van,Hyundai,Model B
686,Van,Chevrolet,Model B
687,Pickup,Hyundai,Model A
688,Bus,Nissan,Model D
689,Truck,Hyundai,Model A
690,Motorcycle,Ford,Model C
691,Truck,Mercedes,Model A
692,Pickup,Hyundai,Model D
693,Car,Hyundai,Model B
694,Truck,BMW,Model A
695,Pickup,Mercedes,Model C
696,Car,Hyundai,Model C
697,Car,Chevrolet,Model B
698,Motorcycle,Honda,Model A
699,SUV,Nissan,Model D
700,Bus,Chevrolet,Model B
701,Truck,Toyota,Model A
702,Car,Chevrolet,Model E
703,Truck,BMW,Model C
704,SUV,BMW,Model D
705,Bus,Hyundai,Model D
706,SUV,Chevrolet,Model D
707,Bus,BMW,Model C
708,Van,Honda,Model A
709,Bus,Mercedes,Model B
710,Motorcycle,Chevrolet,Model A
711,SUV,Nissan,Model B
712,Car,Honda,Model D
713,Van,Hyundai,Model A
714,Motorcycle,Mercedes,Model D
715,Truck,Nissan,Model E
716,SUV,Hyundai,Model D
717,Pickup,Nissan,Model D
718,Pickup,Hyundai,Model B
719,Car,Nissan,Model E
720,Bus,Mercedes,Model D
721,Car,Honda,Model D
722,Pickup,Nissan,Model E
723,Truck,Nissan,Model E
724,Van,Ford,Model A
725,Van,Chevrolet,Model B
726,SUV,Mercedes,Model E
727,Van,Hyundai,Model E
728,SUV,Mercedes,Model C
729,SUV,BMW,Model E
730,SUV,Hyundai,Model B
731,Pickup,Mercedes,Model D
732,Pickup,Honda,Model D
733,Bus,Hyundai,Model D
734,Motorcycle,Hyundai,Model D
735,SUV,Mercedes,Model C
736,SUV,Hyundai,Model E
737,Motorcycle,Ford,Model D
738,Car,Chevrolet,Model A
739,SUV,Hyundai,Model D
740,Bus,Chevrolet,Model E
741,Van,Mercedes,Model D
742,Van,Nissan,Model C
743,Truck,Toyota,Model B
744,Truck,Toyota,Model B
745,Van,Nissan,Model E
746,Van,Nissan,Model B
747,Pickup,Nissan,Model B
748,Bus,Honda,Model A
749,Motorcycle,Toyota,Model E
750,Truck,Nissan,Model E
751,Pickup,Honda,Model B
752,Pickup,BMW,Model B
753,Motorcycle,Hyundai,Model B
754,Pickup,Honda,Model C
755,Bus,Toyota,Model D
756,Van,Mercedes,Model C
757,SUV,BMW,Model E
758,Motorcycle,Toyota,Model A
759,Van,Hyundai,Model D
760,Van,Honda,Model A
761,Car,Ford,Model E
762,Motorcycle,Chevrolet,Model E
763,Pickup,Hyundai,Model A
764,SUV,Toyota,Model A
765,Motorcycle,Nissan,Model A
766,Pickup,Honda,Model E
767,Van,Nissan,Model B
768,SUV,Nissan,Model A
769,Pickup,Nissan,Model D
770,Bus,Nissan,Model E
771,Pickup,Nissan,Model C
772,Car,BMW,Model C
773,Van,Toyota,Model D
774,Pickup,Hyundai,Model B
775,Truck,Toyota,Model A
776,Truck,Hyundai,Model E
777,Car,Chevrolet,Model A
778,Bus,Honda,Model E
779,Van,Ford,Model C
780,Motorcycle,BMW,Model A
781,Car,Honda,Model D
782,Bus,BMW,Model B
783,Motorcycle,Hyundai,Model D
784,Truck,Toyota,Model B
785,Truck,Nissan,Model A
786,Motorcycle,Chevrolet,Model A
787,Car,Chevrolet,Model B
788,Truck,Mercedes,Model C
789,Van,Ford,Model E
790,SUV,Chevrolet,Model D
791,Pickup,Nissan,Model D
792,Motorcycle,Toyota,Model D
793,Motorcycle,Ford,Model A
794,Truck,Hyundai,Model D
795,Car,Honda,Model E
796,Van,Hyundai,Model E
797,Car,Nissan,Model B
798,Bus,Nissan,Model A
799,Bus,Chevrolet,Model E
800,SUV,Ford,Model C
801,Truck,Toyota,Model A
802,Truck,Hyundai,Model A
803,Truck,Mercedes,Model E
804,SUV,Hyundai,Model C
805,Bus,BMW,Model B
806,Car,BMW,Model E
807,SUV,Toyota,Model C
808,SUV,Toyota,Model A
809,Car,BMW,Model C
810,Truck,Mercedes,Model A
811,Van,Ford,Model E
812,Car,BMW,Model E
813,Bus,Toyota,Model D
814,Motorcycle,Chevrolet,Model D
815,Motorcycle,Honda,Model D
816,Pickup,Mercedes,Model E
817,Pickup,Nissan,Model B
818,SUV,Mercedes,Model E
819,Motorcycle,Chevrolet,Model C
820,Van,Chevrolet,Model E
821,Truck,Nissan,Model E
822,Bus,Hyundai,Model A
823,Pickup,Toyota,Model A
824,Van,BMW,Model A
825,Bus,Hyundai,Model E
826,Bus,Ford,Model B
827,Truck,Mercedes,Model C
828,SUV,Nissan,Model C
829,Motorcycle,Mercedes,Model B
830,Truck,Hyundai,Model B
831,Van,Chevrolet,Model C
832,SUV,BMW,Model D
833,Van,Mercedes,Model A
834,SUV,Ford,Model A
835,Pickup,Chevrolet,Model C
836,Van,Ford,Model B
837,Truck,BMW,Model D
838,SUV,Mercedes,Model C
839,SUV,Honda,Model A
840,Bus,Hyundai,Model E
841,Bus,Mercedes,Model B
842,Car,Hyundai,Model E
843,Van,BMW,Model C
844,Bus,Mercedes,Model A
845,Car,Hyundai,Model D
846,Pickup,Nissan,Model E
847,Pickup,Hyundai,Model D
848,Bus,Mercedes,Model A
849,Van,Toyota,Model E
850,SUV,Mercedes,Model D
851,Motorcycle,Mercedes,Model D
852,Van,Hyundai,Model E
853,Truck,Ford,Model A
854,Pickup,Honda,Model D
855,Bus,Ford,Model C
856,Bus,Hyundai,Model E
857,SUV,Ford,Model B
858,Truck,Chevrolet,Model B
859,SUV,Toyota,Model A
860,Truck,Ford,Model C
861,Motorcycle,Nissan,Model D
862,Pickup,BMW,Model B
863,Bus,Nissan,Model A
864,Bus,BMW,Model C
865,Motorcycle,Mercedes,Model C
866,Car,Chevrolet,Model A
867,Pickup,Toyota,Model A
868,SUV,Nissan,Model D
869,Motorcycle,Toyota,Model A
870,SUV,Nissan,Model D
871,Van,Mercedes,Model D
872,Bus,BMW,Model E
873,SUV,Honda,Model C
874,Truck,Chevrolet,Model C
875,SUV,Nissan,Model C
876,Van,Nissan,Model E
877,Pickup,Mercedes,Model D
878,Bus,Chevrolet,Model D
879,Motorcycle,BMW,Model A
880,Van,BMW,Model E
881,Bus,Nissan,Model A
882,SUV,Honda,Model E
883,Pickup,Honda,Model A
884,Car,Toyota,Model B
885,Pickup,Chevrolet,Model C
886,Car,Chevrolet,Model C
887,Truck,BMW,Model D
888,Pickup,Toyota,Model B
889,Bus,Mercedes,Model C
890,Car,Chevrolet,Model D
891,Motorcycle,Toyota,Model B
892,Bus,Toyota,Model C
893,Motorcycle,Nissan,Model A
894,Pickup,BMW,Model E
895,Motorcycle,Toyota,Model B
896,Car,Hyundai,Model D
897,Bus,Honda,Model B
898,SUV,Hyundai,Model D
899,Van,Honda,Model B
900,Car,Ford,Model D
901,Car,BMW,Model C
902,SUV,Nissan,Model A
903,Bus,Mercedes,Model C
904,Bus,Hyundai,Model A
905,Pickup,Hyundai,Model C
906,Motorcycle,Ford,Model C
907,Pickup,Honda,Model B
908,SUV,Nissan,Model E
909,Pickup,Ford,Model D
910,SUV,BMW,Model D
911,Bus,Nissan,Model D
912,Motorcycle,BMW,Model A
913,Pickup,Toyota,Model D
914,Car,Chevrolet,Model D
915,Truck,Toyota,Model B
916,Van,BMW,Model C
917,Car,Hyundai,Model D
918,Bus,Nissan,Model E
919,Van,Honda,Model D
920,Truck,Mercedes,Model A
921,Truck,Honda,Model A
922,Motorcycle,Nissan,Model A
923,Van,Toyota,Model D
924,Motorcycle,Mercedes,Model B
925,Car,Nissan,Model E
926,SUV,BMW,Model D
927,SUV,Hyundai,Model B
928,SUV,Honda,Model B
929,Van,BMW,Model D
930,SUV,Mercedes,Model D
931,Car,Mercedes,Model B
932,Motorcycle,Honda,Model B
933,Van,BMW,Model B
934,Motorcycle,Ford,Model D
935,Van,BMW,Model B
936,Motorcycle,Mercedes,Model A
937,Truck,BMW,Model D
938,Motorcycle,Hyundai,Model A
939,SUV,Nissan,Model C
940,Truck,Toyota,Model D
941,Motorcycle,Hyundai,Model C
942,Van,Ford,Model B
943,Van,Chevrolet,Model B
944,Van,Nissan,Model E
945,Bus,Toyota,Model B
946,Car,Chevrolet,Model C
947,Van,Honda,Model B
948,Truck,Chevrolet,Model D
949,Van,Nissan,Model B
950,Bus,BMW,Model E
951,SUV,Nissan,Model B
952,Truck,Hyundai,Model C
953,Bus,Chevrolet,Model C
954,SUV,Mercedes,Model B
955,Pickup,Toyota,Model C
956,Pickup,Toyota,Model C
957,Truck,Chevrolet,Model E
958,Motorcycle,Toyota,Model D
959,Car,Mercedes,Model E
960,Car,Nissan,Model A
961,Bus,Toyota,Model E
962,SUV,Chevrolet,Model B
963,Car,Ford,Model D
964,SUV,Ford,Model B
965,SUV,Honda,Model A
966,Bus,Hyundai,Model D
967,Bus,Toyota,Model C
968,Bus,Hyundai,Model E
969,Car,Nissan,Model B
970,Pickup,Chevrolet,Model A
971,Bus,Toyota,Model C
972,Car,BMW,Model E
973,Bus,Mercedes,Model C
974,Van,Toyota,Model E
975,SUV,Toyota,Model D
976,Bus,Hyundai,Model C
977,Truck,Hyundai,Model C
978,SUV,Ford,Model C
979,SUV,Mercedes,Model D
980,Bus,Chevrolet,Model A
981,Pickup,Toyota,Model E
982,Motorcycle,Ford,Model C
983,Pickup,Hyundai,Model D
984,Bus,Honda,Model A
985,SUV,Mercedes,Model E
986,Truck,Ford,Model D
987,SUV,Ford,Model E
988,Pickup,Nissan,Model C
989,Truck,Ford,Model A
990,Car,Nissan,Model D
991,Van,Toyota,Model A
992,SUV,Toyota,Model C
993,Bus,Hyundai,Model A
994,Car,Honda,Model A
995,Van,BMW,Model B
996,Bus,BMW,Model A
997,Motorcycle,BMW,Model E
998,Bus,Hyundai,Model D
999,Truck,Nissan,Model B
1000,Truck,Hyundai,Model D
1001,Motorcycle,Mercedes,Model D
1002,Car,Mercedes,Model C
1003,Van,Honda,Model C
1004,Bus,Mercedes,Model B
1005,Truck,BMW,Model C
1006,Car,BMW,Model C
1007,Motorcycle,Hyundai,Model C
1008,Pickup,Ford,Model D
1009,SUV,Mercedes,Model B
1010,Pickup,Hyundai,Model D
1011,Pickup,Toyota,Model E
1012,Truck,Toyota,Model D
1013,Motorcycle,Ford,Model E
1014,Bus,Ford,Model A
1015,Pickup,Ford,Model A
1016,Pickup,Hyundai,Model E
1017,Van,Toyota,Model E
1018,Truck,BMW,Model D
1019,Truck,Ford,Model E
1020,Bus,Honda,Model B
1021,SUV,Nissan,Model A
1022,Car,Hyundai,Model A
1023,Van,Ford,Model E
1024,Truck,Nissan,Model C
1025,Van,Chevrolet,Model C
1026,Truck,Ford,Model E
1027,Van,Toyota,Model B
1028,Motorcycle,Mercedes,Model C
1029,Pickup,Ford,Model E
1030,Truck,Hyundai,Model B
1031,Van,Mercedes,Model B
1032,Car,Chevrolet,Model D
1033,Motorcycle,Honda,Model B
1034,Motorcycle,Mercedes,Model C
1035,Car,Nissan,Model C
1036,Van,BMW,Model E
1037,Bus,Ford,Model E
1038,Car,Chevrolet,Model B
1039,Van,Chevrolet,Model A
1040,Car,Mercedes,Model D
1041,Car,Honda,Model A
1042,Truck,Toyota,Model B
1043,Van,Ford,Model B
1044,Bus,Chevrolet,Model A
1045,Pickup,Honda,Model D
1046,Truck,BMW,Model A
1047,Car,Chevrolet,Model E
1048,Pickup,Honda,Model C
1049,SUV,Hyundai,Model E
1050,Pickup,Toyota,Model C
1051,Car,Toyota,Model B
1052,Car,Chevrolet,Model D
1053,Van,Nissan,Model A
1054,Van,Chevrolet,Model D
1055,Truck,Mercedes,Model A
1056,Bus,Ford,Model E
1057,Truck,Honda,Model E
1058,Motorcycle,Chevrolet,Model A
1059,Car,Ford,Model D
1060,Pickup,Mercedes,Model A
1061,SUV,Hyundai,Model B
1062,Car,Hyundai,Model E
1063,Car,Ford,Model B
1064,Truck,Chevrolet,Model E
1065,SUV,Toyota,Model E
1066,SUV,Honda,Model C
1067,SUV,Honda,Model B
1068,Truck,Hyundai,Model B
1069,Car,Hyundai,Model C
1070,Truck,Toyota,Model D
1071,Van,Nissan,Model B
1072,Van,Chevrolet,Model A
1073,Truck,Hyundai,Model C
1074,SUV,Hyundai,Model B
1075,Car,Hyundai,Model D
1076,Truck,Honda,Model B
1077,Truck,Chevrolet,Model E
1078,Truck,Mercedes,Model A
1079,Motorcycle,Chevrolet,Model C
1080,Van,Ford,Model E
1081,Pickup,Toyota,Model D
1082,SUV,Nissan,Model E
1083,Bus,Hyundai,Model E
1084,Pickup,Hyundai,Model D
1085,SUV,Chevrolet,Model E
1086,Bus,Nissan,Model C
1087,Motorcycle,Hyundai,Model B
1088,Truck,Nissan,Model E
1089,Motorcycle,Mercedes,Model C
1090,Motorcycle,BMW,Model B
1091,Pickup,Toyota,Model B
1092,Car,Nissan,Model E
1093,Pickup,Honda,Model C
1094,Van,Ford,Model E
1095,Bus,Honda,Model D
1096,Truck,Hyundai,Model B
1097,Pickup,Mercedes,Model E
1098,Bus,Mercedes,Model B
1099,SUV,Honda,Model C
1100,Bus,Toyota,Model A
1101,SUV,Honda,Model E
1102,Pickup,Chevrolet,Model E
1103,Van,Hyundai,Model B
1104,Pickup,Hyundai,Model C
1105,SUV,Honda,Model D
1106,Bus,Ford,Model C
1107,Bus,Ford,Model E
1108,SUV,Hyundai,Model D
1109,Motorcycle,BMW,Model C
1110,Van,Ford,Model A
1111,Car,Honda,Model B
1112,Truck,Ford,Model C
1113,Bus,Hyundai,Model C
1114,Truck,Toyota,Model A
1115,Car,Nissan,Model E
1116,Pickup,Ford,Model B
1117,Truck,Chevrolet,Model C
1118,Car,Toyota,Model D
1119,SUV,BMW,Model C
1120,Motorcycle,Chevrolet,Model B
1121,Bus,Honda,Model C
1122,Car,Nissan,Model A
1123,Truck,Honda,Model C
1124,Bus,Nissan,Model C
1125,Motorcycle,Nissan,Model D
1126,SUV,Honda,Model A
1127,Pickup,Chevrolet,Model A
1128,Bus,Chevrolet,Model C
1129,Pickup,Nissan,Model D
1130,Car,Chevrolet,Model C
1131,Motorcycle,Nissan,Model C
1132,Truck,Hyundai,Model B
1133,Motorcycle,Nissan,Model B
1134,Motorcycle,Hyundai,Model D
1135,Van,Toyota,Model E
1136,Motorcycle,Mercedes,Model B
1137,Motorcycle,Toyota,Model E
1138,Bus,Honda,Model A
1139,Truck,Mercedes,Model B
1140,Bus,Ford,Model B
1141,Bus,Honda,Model D
1142,Car,BMW,Model E
1143,Bus,Toyota,Model B
1144,Van,Chevrolet,Model B
1145,Van,Toyota,Model D
1146,Pickup,Chevrolet,Model D
1147,Car,Mercedes,Model E
1148,Pickup,BMW,Model A
1149,Pickup,Mercedes,Model A
1150,SUV,BMW,Model C
1151,Truck,Toyota,Model B
1152,Truck,Chevrolet,Model E
1153,Bus,Mercedes,Model B
1154,Bus,BMW,Model E
1155,SUV,Nissan,Model E
1156,Bus,Honda,Model E
1157,Truck,Honda,Model B
1158,Pickup,Mercedes,Model D
1159,Motorcycle,Chevrolet,Model B
1160,Van,Nissan,Model E
1161,Motorcycle,Mercedes,Model C
1162,Motorcycle,Toyota,Model A
1163,Truck,BMW,Model E
1164,Motorcycle,Hyundai,Model C
1165,SUV,Toyota,Model D
1166,Car,Honda,Model E
1167,Bus,BMW,Model C
1168,Car,Mercedes,Model E
1169,Pickup,Toyota,Model B
1170,Van,Ford,Model C
1171,Bus,Hyundai,Model B
1172,Motorcycle,Chevrolet,Model B
1173,Van,Nissan,Model C
1174,Bus,Nissan,Model A
1175,SUV,Chevrolet,Model C
1176,SUV,Ford,Model A
1177,SUV,Honda,Model E
1178,SUV,BMW,Model E
1179,Motorcycle,Chevrolet,Model C
1180,Car,Ford,Model E
1181,Bus,Mercedes,Model D
1182,Motorcycle,Hyundai,Model B
1183,SUV,Nissan,Model B
1184,Pickup,Hyundai,Model A
1185,Car,Ford,Model E
1186,Pickup,Hyundai,Model A
1187,Van,Honda,Model B
1188,Pickup,Honda,Model B
1189,Van,Toyota,Model E
1190,Van,Chevrolet,Model D
1191,SUV,Toyota,Model D
1192,Van,Hyundai,Model E
1193,Truck,Nissan,Model E
1194,Bus,Ford,Model A
1195,Bus,BMW,Model E
1196,SUV,Hyundai,Model D
1197,Truck,BMW,Model E
1198,Pickup,Honda,Model A
1199,Motorcycle,BMW,Model A
1200,Pickup,BMW,Model A
1201,Motorcycle,Nissan,Model A
1202,Van,BMW,Model C
1203,Car,Hyundai,Model E
1204,Motorcycle,Ford,Model B
1205,Car,BMW,Model E
1206,Bus,Mercedes,Model C
1207,Car,BMW,Model A
1208,Bus,BMW,Model C
1209,Truck,Toyota,Model D
1210,Truck,Ford,Model D
1211,SUV,Hyundai,Model E
1212,SUV,Honda,Model E
1213,Van,Toyota,Model B
1214,Motorcycle,Hyundai,Model B
1215,Van,Chevrolet,Model D
1216,Bus,Ford,Model A
1217,Van,Mercedes,Model C
1218,Car,Ford,Model B
1219,Bus,Chevrolet,Model B
1220,SUV,Chevrolet,Model A
1221,Truck,Chevrolet,Model A
1222,SUV,Nissan,Model E
1223,Motorcycle,Honda,Model C
1224,Bus,BMW,Model A
1225,Bus,Ford,Model B
1226,Car,Hyundai,Model B
1227,Motorcycle,Nissan,Model D
1228,Truck,Hyundai,Model A
1229,Pickup,BMW,Model E
1230,Bus,BMW,Model C
1231,Bus,Mercedes,Model E
1232,Car,Chevrolet,Model B
1233,Van,Honda,Model E
1234,Truck,Mercedes,Model B
1235,SUV,Toyota,Model B
1236,Motorcycle,Nissan,Model B
1237,Bus,Nissan,Model B
1238,Bus,Honda,Model B
1239,SUV,BMW,Model D
1240,Truck,Hyundai,Model E
1241,Van,Nissan,Model D
1242,Bus,Honda,Model D
1243,Truck,Nissan,Model A
1244,SUV,Nissan,Model A
1245,Car,Chevrolet,Model A
1246,Van,Toyota,Model C
1247,Motorcycle,Chevrolet,Model A
1248,Bus,Toyota,Model E
1249,Truck,Nissan,Model D
1250,Car,Mercedes,Model E
1251,Motorcycle,Hyundai,Model A
1252,Pickup,BMW,Model C
1253,Truck,Nissan,Model C
1254,Truck,Toyota,Model D
1255,Motorcycle,Toyota,Model E
1256,Car,Toyota,Model B
1257,Pickup,Nissan,Model E
1258,SUV,Honda,Model A
1259,Car,Mercedes,Model B
1260,Van,Honda,Model C
1261,Bus,BMW,Model D
1262,Motorcycle,Nissan,Model D
1263,SUV,Toyota,Model C
1264,Pickup,Mercedes,Model A
1265,Motorcycle,Mercedes,Model C
1266,Motorcycle,Ford,Model A
1267,Car,BMW,Model B
1268,Bus,Hyundai,Model C
1269,Van,Hyundai,Model A
1270,Truck,Mercedes,Model B
1271,Truck,Nissan,Model C
1272,Motorcycle,Toyota,Model D
1273,Bus,Toyota,Model C
1274,Pickup,Mercedes,Model E
1275,Pickup,Honda,Model C
1276,SUV,BMW,Model E
1277,Car,Toyota,Model B
1278,Bus,Mercedes,Model C
1279,Bus,Toyota,Model B
1280,Car,Hyundai,Model B
1281,Pickup,Mercedes,Model A
1282,Pickup,BMW,Model B
1283,Pickup,Mercedes,Model B
1284,Motorcycle,Ford,Model C
1285,Bus,Mercedes,Model C
1286,Truck,Mercedes,Model D
1287,Car,Nissan,Model A
1288,Pickup,Hyundai,Model B
1289,SUV,BMW,Model A
1290,Pickup,Nissan,Model E
1291,Pickup,Mercedes,Model B
1292,Van,BMW,Model A
1293,Motorcycle,Ford,Model D
1294,Car,BMW,Model D
1295,Van,Toyota,Model B
1296,Van,Nissan,Model E
1297,SUV,BMW,Model D
1298,Bus,Hyundai,Model D
1299,SUV,Ford,Model E
1300,Bus,Chevrolet,Model A
1301,Bus,Mercedes,Model D
1302,Car,BMW,Model C
1303,Pickup,Mercedes,Model D
1304,Car,Honda,Model A
1305,Motorcycle,Toyota,Model A
1306,Bus,Nissan,Model B
1307,Van,Toyota,Model C
1308,Pickup,Honda,Model A
1309,Truck,Honda,Model E
1310,Motorcycle,Nissan,Model C
1311,Car,BMW,Model C
1312,SUV,Honda,Model E
1313,Motorcycle,Chevrolet,Model D
1314,Motorcycle,Mercedes,Model E
1315,Pickup,Mercedes,Model E
1316,Motorcycle,Ford,Model D
1317,Motorcycle,Hyundai,Model D
1318,Truck,Honda,Model D
1319,SUV,Honda,Model D
1320,SUV,Chevrolet,Model D
1321,SUV,Toyota,Model E
1322,Bus,Toyota,Model B
1323,Van,Mercedes,Model B
1324,SUV,Mercedes,Model A
1325,Motorcycle,BMW,Model B
1326,Motorcycle,Nissan,Model B
1327,SUV,Hyundai,Model E
1328,Pickup,Chevrolet,Model D
1329,SUV,Nissan,Model D
1330,Motorcycle,Nissan,Model E
1331,Bus,Ford,Model B
1332,Car,Nissan,Model E
1333,Car,Ford,Model A
1334,SUV,Nissan,Model D
1335,Truck,Chevrolet,Model C
1336,SUV,Ford,Model A
1337,Pickup,Toyota,Model A
1338,SUV,Ford,Model E
1339,Car,Ford,Model B
1340,Motorcycle,Chevrolet,Model D
1341,SUV,Chevrolet,Model C
1342,Motorcycle,Ford,Model A
1343,Motorcycle,Hyundai,Model C
1344,Truck,Honda,Model B
1345,Motorcycle,Hyundai,Model B
1346,Car,Chevrolet,Model C
1347,Bus,Hyundai,Model D
1348,Bus,Hyundai,Model B
1349,Van,BMW,Model C
1350,Pickup,BMW,Model A
1351,SUV,Toyota,Model C
1352,Pickup,Nissan,Model C
1353,Car,Ford,Model E
1354,Motorcycle,Honda,Model B
1355,Bus,Toyota,Model D
1356,Pickup,Ford,Model D
1357,Car,Hyundai,Model E
1358,Bus,Chevrolet,Model D
1359,Motorcycle,BMW,Model C
1360,Pickup,Mercedes,Model E
1361,Bus,Honda,Model A
1362,SUV,Hyundai,Model B
1363,SUV,Mercedes,Model B
1364,Van,BMW,Model B
1365,Van,Hyundai,Model C
1366,Bus,Nissan,Model A
1367,Car,Nissan,Model E
1368,SUV,Mercedes,Model E
1369,Car,Chevrolet,Model B
1370,Car,Hyundai,Model A
1371,Bus,Ford,Model A
1372,Car,Hyundai,Model A
1373,SUV,Chevrolet,Model D
1374,Motorcycle,Hyundai,Model D
1375,Van,Mercedes,Model B
1376,Motorcycle,Chevrolet,Model A
1377,Car,BMW,Model A
1378,Motorcycle,Honda,Model E
1379,SUV,Chevrolet,Model E
1380,SUV,Hyundai,Model B
1381,Car,BMW,Model A
1382,Bus,Honda,Model B
1383,Motorcycle,Nissan,Model E
1384,Bus,Ford,Model E
1385,Bus,Mercedes,Model D
1386,Truck,Hyundai,Model B
1387,Car,Hyundai,Model B
1388,Van,Nissan,Model A
1389,SUV,Ford,Model A
1390,SUV,Nissan,Model D
1391,Car,Toyota,Model C
1392,Pickup,Nissan,Model C
1393,Pickup,BMW,Model C
1394,Pickup,Honda,Model B
1395,Van,Hyundai,Model B
1396,SUV,Nissan,Model E
1397,Car,Hyundai,Model B
1398,SUV,Chevrolet,Model B
1399,Bus,Ford,Model B
1400,Motorcycle,Nissan,Model D
1401,Motorcycle,Honda,Model B
1402,SUV,BMW,Model A
1403,Truck,Toyota,Model A
1404,Van,Hyundai,Model E
1405,Pickup,Ford,Model D
1406,Van,Mercedes,Model A
1407,Van,Honda,Model D
1408,Bus,Mercedes,Model D
1409,Van,Honda,Model E
1410,Motorcycle,Honda,Model D
1411,Bus,BMW,Model B
1412,Car,BMW,Model D
1413,Van,BMW,Model E
1414,Van,Nissan,Model E
1415,Car,Chevrolet,Model E
1416,Van,Honda,Model A
1417,Car,Ford,Model B
1418,Bus,Mercedes,Model A
1419,Motorcycle,BMW,Model C
1420,Car,Nissan,Model B
1421,Truck,BMW,Model D
1422,Car,Mercedes,Model E
1423,Van,Mercedes,Model C
1424,Pickup,Hyundai,Model B
1425,Pickup,Honda,Model A
1426,Bus,BMW,Model E
1427,SUV,Mercedes,Model A
1428,Bus,Chevrolet,Model B
1429,SUV,Chevrolet,Model B
1430,Pickup,BMW,Model C
1431,Pickup,Nissan,Model D
1432,Car,Mercedes,Model A
1433,Motorcycle,Hyundai,Model C
1434,Truck,Honda,Model E
1435,Bus,Honda,Model D
1436,Van,Nissan,Model C
1437,SUV,Hyundai,Model A
1438,Van,Honda,Model B
1439,Motorcycle,Hyundai,Model E
1440,SUV,Toyota,Model A
1441,Bus,BMW,Model D
1442,Car,Honda,Model D
1443,Van,Chevrolet,Model B
1444,Motorcycle,Mercedes,Model B
1445,Bus,Hyundai,Model E
1446,Pickup,Hyundai,Model E
1447,Pickup,Ford,Model B
1448,Bus,Nissan,Model B
1449,Bus,Ford,Model D
1450,Bus,Honda,Model B
1451,SUV,Ford,Model C
1452,Bus,Ford,Model A
1453,Van,Toyota,Model B
1454,Motorcycle,Hyundai,Model E
1455,SUV,Chevrolet,Model C
1456,Bus,Nissan,Model E
1457,Truck,Chevrolet,Model C
1458,Truck,Toyota,Model B
1459,Motorcycle,Toyota,Model A
1460,Pickup,Ford,Model E
1461,Car,BMW,Model C
1462,Car,Hyundai,Model D
1463,Pickup,Mercedes,Model B
1464,SUV,Hyundai,Model A
1465,SUV,Mercedes,Model B
1466,SUV,Ford,Model D
1467,Car,Mercedes,Model A
1468,Truck,Toyota,Model D
1469,Car,Chevrolet,Model B
1470,Van,Mercedes,Model C
1471,Bus,Hyundai,Model B
1472,SUV,Nissan,Model B
1473,Truck,Ford,Model B
1474,Motorcycle,BMW,Model E
1475,Motorcycle,Ford,Model D
1476,Bus,Honda,Model D
1477,Truck,Ford,Model D
1478,Car,Toyota,Model E
1479,Car,Chevrolet,Model C
1480,Van,Chevrolet,Model B
1481,Van,Nissan,Model C
1482,Car,Mercedes,Model E
1483,Motorcycle,Toyota,Model D
1484,SUV,Honda,Model B
1485,Motorcycle,Toyota,Model A
1486,Van,Ford,Model A
1487,Bus,Toyota,Model C
1488,Car,Toyota,Model D
1489,Van,Nissan,Model A
1490,Van,Honda,Model C
1491,SUV,Ford,Model E
1492,Car,BMW,Model C
1493,SUV,Nissan,Model C
1494,Car,BMW,Model C
1495,SUV,Nissan,Model B
1496,Motorcycle,Chevrolet,Model C
1497,Bus,Hyundai,Model C
1498,Bus,Nissan,Model B
1499,Car,Mercedes,Model B
1500,Truck,Toyota,Model E
1501,Pickup,Chevrolet,Model D
1502,Van,Honda,Model A
1503,Van,BMW,Model A
1504,Car,Hyundai,Model C
1505,SUV,Hyundai,Model E
1506,Truck,Nissan,Model C
1507,Motorcycle,Toyota,Model A
1508,SUV,Honda,Model B
1509,SUV,Mercedes,Model D
1510,Car,Honda,Model E
1511,Car,Toyota,Model B
1512,Van,Mercedes,Model D
1513,Car,Honda,Model E
1514,Car,Mercedes,Model E
1515,Car,Nissan,Model A
1516,Van,Nissan,Model B
1517,Motorcycle,Toyota,Model E
1518,Motorcycle,Toyota,Model E
1519,Pickup,Mercedes,Model D
1520,Pickup,Ford,Model A
1521,Car,Chevrolet,Model C
1522,Pickup,Hyundai,Model A
1523,Van,Honda,Model C
1524,Motorcycle,Honda,Model B
1525,SUV,Ford,Model B
1526,Motorcycle,Ford,Model E
1527,Motorcycle,Ford,Model B
1528,Van,BMW,Model E
1529,Pickup,BMW,Model A
1530,SUV,Mercedes,Model B
1531,Van,BMW,Model A
1532,Car,Nissan,Model A
1533,Bus,Nissan,Model B
1534,Motorcycle,Toyota,Model A
1535,Bus,Hyundai,Model B
1536,Van,Mercedes,Model B
1537,Van,Hyundai,Model B
1538,Van,Honda,Model C
1539,Bus,Chevrolet,Model A
1540,Van,Toyota,Model D
1541,Car,Honda,Model B
1542,Van,Honda,Model A
1543,Truck,Mercedes,Model E
1544,Pickup,Ford,Model B
1545,Bus,Ford,Model B
1546,Truck,Hyundai,Model D
1547,Van,Toyota,Model C
1548,Car,Ford,Model C
1549,Motorcycle,Honda,Model B
1550,SUV,Ford,Model A
1551,Pickup,BMW,Model E
1552,SUV,Ford,Model E
1553,Van,Honda,Model A
1554,Pickup,Hyundai,Model B
1555,Pickup,Mercedes,Model E
1556,Car,Toyota,Model C
1557,Pickup,Chevrolet,Model A
1558,Bus,Ford,Model D
1559,Truck,Nissan,Model B
1560,Truck,Nissan,Model A
1561,Truck,Hyundai,Model E
1562,Bus,Honda,Model B
1563,SUV,Chevrolet,Model C
1564,Car,Chevrolet,Model B
1565,Pickup,BMW,Model B
1566,Bus,Chevrolet,Model C
1567,Truck,Nissan,Model C
1568,Van,Mercedes,Model B
1569,Motorcycle,Honda,Model C
1570,Pickup,Honda,Model A
1571,Bus,Ford,Model C
1572,Bus,Ford,Model C
1573,Car,Ford,Model B
1574,Car,Nissan,Model A
1575,Bus,Nissan,Model D
1576,Truck,Hyundai,Model D
1577,Motorcycle,Nissan,Model E
1578,Pickup,Nissan,Model C
1579,Car,Nissan,Model C
1580,Pickup,Nissan,Model A
1581,Truck,Mercedes,Model D
1582,Pickup,Nissan,Model E
1583,Van,Hyundai,Model A
1584,Car,Chevrolet,Model C
1585,Truck,Chevrolet,Model D
1586,Truck,BMW,Model E
1587,Motorcycle,Mercedes,Model B
1588,Motorcycle,Ford,Model D
1589,Van,Toyota,Model E
1590,Truck,Nissan,Model A
1591,SUV,BMW,Model B
1592,Truck,Toyota,Model E
1593,Motorcycle,Hyundai,Model E
1594,SUV,Chevrolet,Model C
1595,Car,BMW,Model D
1596,Car,Hyundai,Model C
1597,Pickup,BMW,Model B
1598,Bus,Honda,Model E
1599,Motorcycle,Hyundai,Model C
1600,Bus,Chevrolet,Model D
1601,SUV,Chevrolet,Model B
1602,Motorcycle,Mercedes,Model A
1603,Van,BMW,Model C
1604,Truck,Nissan,Model B
1605,Van,Chevrolet,Model A
1606,SUV,BMW,Model C
1607,Motorcycle,Mercedes,Model B
1608,SUV,Nissan,Model B
1609,Truck,Hyundai,Model C
1610,Car,Mercedes,Model B
1611,Car,Honda,Model E
1612,SUV,Nissan,Model C
1613,Bus,BMW,Model B
1614,Motorcycle,Chevrolet,Model A
1615,Motorcycle,Chevrolet,Model A
1616,Car,BMW,Model E
1617,Pickup,BMW,Model C
1618,Van,BMW,Model B
1619,Pickup,Ford,Model B
1620,Truck,Nissan,Model A
1621,Van,Chevrolet,Model E
1622,Van,Nissan,Model A
1623,SUV,Mercedes,Model A
1624,Car,Chevrolet,Model E
1625,Pickup,Ford,Model C
1626,Pickup,BMW,Model B
1627,Car,Honda,Model C
1628,Pickup,BMW,Model D
1629,Car,Hyundai,Model D
1630,SUV,BMW,Model D
1631,Bus,Ford,Model E
1632,Van,Nissan,Model A
1633,SUV,Chevrolet,Model C
1634,Motorcycle,BMW,Model B
1635,Truck,Chevrolet,Model D
1636,Bus,Toyota,Model C
1637,Motorcycle,Mercedes,Model D
1638,Van,Nissan,Model D
1639,Pickup,Chevrolet,Model B
1640,Car,Honda,Model E
1641,Van,Mercedes,Model A
1642,SUV,Hyundai,Model E
1643,Truck,Hyundai,Model C
1644,SUV,Honda,Model E
1645,Bus,BMW,Model C
1646,Bus,Mercedes,Model C
1647,Truck,Chevrolet,Model A
1648,Motorcycle,Mercedes,Model B
1649,Motorcycle,BMW,Model A
1650,Bus,Ford,Model E
1651,Bus,Nissan,Model C
1652,Pickup,Honda,Model D
1653,Car,BMW,Model D
1654,Pickup,Ford,Model C
1655,Pickup,Mercedes,Model A
1656,Motorcycle,Mercedes,Model B
1657,Truck,BMW,Model A
1658,Motorcycle,Chevrolet,Model C
1659,Car,Mercedes,Model C
1660,SUV,Chevrolet,Model B
1661,Bus,Chevrolet,Model E
1662,Bus,Nissan,Model E
1663,Car,Chevrolet,Model B
1664,Pickup,Toyota,Model E
1665,Truck,Nissan,Model D
1666,Bus,Ford,Model E
1667,Van,Ford,Model E
1668,Pickup,Mercedes,Model E
1669,Bus,Mercedes,Model D
1670,Van,Chevrolet,Model E
1671,Car,Nissan,Model D
1672,Car,Nissan,Model B
1673,Pickup,Toyota,Model A
1674,Bus,Chevrolet,Model B
1675,Motorcycle,Toyota,Model A
1676,Van,Hyundai,Model B
1677,Truck,Chevrolet,Model A
1678,Bus,Honda,Model A
1679,Truck,Honda,Model C
1680,Bus,BMW,Model A
1681,Motorcycle,Chevrolet,Model A
1682,Motorcycle,Nissan,Model C
1683,Pickup,Mercedes,Model E
1684,Pickup,Ford,Model E
1685,Motorcycle,BMW,Model C
1686,SUV,Mercedes,Model D
1687,Motorcycle,Honda,Model A
1688,Car,Chevrolet,Model A
1689,Car,BMW,Model C
1690,SUV,Chevrolet,Model C
1691,Van,Honda,Model D
1692,Truck,BMW,Model E
1693,Bus,Honda,Model B
1694,Bus,Toyota,Model E
1695,SUV,Honda,Model A
1696,Car,Nissan,Model C
1697,Pickup,Nissan,Model D
1698,Bus,Chevrolet,Model E
1699,Car,Ford,Model D
1700,Van,Honda,Model E
1701,Truck,Mercedes,Model A
1702,Van,Nissan,Model B
1703,SUV,Hyundai,Model D
1704,Motorcycle,Ford,Model D
1705,Motorcycle,Toyota,Model B
1706,Motorcycle,BMW,Model D
1707,Van,BMW,Model D
1708,Bus,Nissan,Model E
1709,Truck,Ford,Model E
1710,Motorcycle,Nissan,Model B
1711,SUV,BMW,Model A
1712,SUV,Hyundai,Model D
1713,Motorcycle,Honda,Model A
1714,Motorcycle,Ford,Model B
1715,Truck,Chevrolet,Model B
1716,Motorcycle,Honda,Model E
1717,Truck,Honda,Model D
1718,SUV,Honda,Model C
1719,Motorcycle,Chevrolet,Model B
1720,Van,Hyundai,Model D
1721,Pickup,Toyota,Model A
1722,Van,Hyundai,Model E
1723,SUV,Hyundai,Model A
1724,Truck,Hyundai,Model B
1725,Van,Mercedes,Model B
1726,Truck,Nissan,Model A
1727,Van,BMW,Model B
1728,Van,Nissan,Model D
1729,Truck,Ford,Model B
1730,Bus,Hyundai,Model E
1731,Van,Toyota,Model D
1732,Motorcycle,Ford,Model C
1733,Pickup,Nissan,Model B
1734,SUV,BMW,Model B
1735,Bus,Chevrolet,Model E
1736,Truck,Nissan,Model E
1737,Bus,Honda,Model A
1738,Car,Nissan,Model A
1739,Car,Honda,Model A
1740,Van,Chevrolet,Model E
1741,Van,Nissan,Model A
1742,Motorcycle,Toyota,Model A
1743,Pickup,Toyota,Model C
1744,SUV,Ford,Model A
1745,Bus,Chevrolet,Model B
1746,Car,Hyundai,Model E
1747,Van,Toyota,Model D
1748,SUV,Nissan,Model C
1749,Bus,Chevrolet,Model E
1750,Van,BMW,Model E
1751,Van,Honda,Model B
1752,Car,Nissan,Model A
1753,Car,Honda,Model B
1754,Van,Honda,Model A
1755,Truck,Hyundai,Model A
1756,Van,Chevrolet,Model E
1757,SUV,Chevrolet,Model A
1758,Van,Ford,Model C
1759,Motorcycle,Honda,Model C
1760,Pickup,Ford,Model C
1761,Motorcycle,Hyundai,Model E
1762,Motorcycle,Honda,Model B
1763,Truck,Ford,Model D
1764,Truck,Ford,Model A
1765,Van,BMW,Model D
1766,Motorcycle,Ford,Model B
1767,Truck,Chevrolet,Model B
1768,Car,Ford,Model E
1769,Van,Honda,Model C
1770,SUV,Ford,Model C
1771,Pickup,Toyota,Model B
1772,Bus,Mercedes,Model E
1773,Van,Honda,Model E
1774,Bus,Toyota,Model A
1775,Motorcycle,Hyundai,Model C
1776,Pickup,Honda,Model B
1777,Bus,Chevrolet,Model D
1778,Motorcycle,Mercedes,Model C
1779,Car,Mercedes,Model A
1780,Bus,Chevrolet,Model E
1781,Pickup,Mercedes,Model B
1782,Van,Chevrolet,Model C
1783,Motorcycle,Toyota,Model D
1784,Van,Hyundai,Model A
1785,Pickup,BMW,Model A
1786,Truck,Honda,Model C
1787,Motorcycle,Chevrolet,Model D
1788,Bus,Honda,Model A
1789,Motorcycle,Hyundai,Model B
1790,Van,Toyota,Model A
1791,Car,BMW,Model D
1792,Motorcycle,Hyundai,Model E
1793,Bus,Toyota,Model E
1794,Truck,Mercedes,Model C
1795,SUV,Honda,Model D
1796,Car,Nissan,Model A
1797,Truck,BMW,Model A
1798,Motorcycle,Mercedes,Model E
1799,Van,Hyundai,Model E
1800,Pickup,BMW,Model B
1801,Van,Mercedes,Model E
1802,Bus,Toyota,Model B
1803,Van,Chevrolet,Model A
1804,Car,Honda,Model B
1805,Van,Ford,Model B
1806,Bus,Ford,Model C
1807,SUV,Toyota,Model E
1808,Motorcycle,Hyundai,Model B
1809,Pickup,Honda,Model A
1810,Motorcycle,Hyundai,Model D
1811,Van,Honda,Model B
1812,Truck,Toyota,Model E
1813,Motorcycle,Honda,Model C
1814,SUV,Chevrolet,Model A
1815,Van,Hyundai,Model C
1816,Pickup,Toyota,Model D
1817,Bus,Chevrolet,Model B
1818,SUV,Honda,Model B
1819,Van,Toyota,Model E
1820,SUV,Honda,Model B
1821,Motorcycle,Hyundai,Model A
1822,Pickup,Toyota,Model D
1823,Bus,Honda,Model C
1824,Van,Hyundai,Model D
1825,Car,Chevrolet,Model B
1826,Bus,Nissan,Model C
1827,Car,Chevrolet,Model E
1828,SUV,Honda,Model D
1829,Truck,Toyota,Model C
1830,Bus,Ford,Model C
1831,SUV,Chevrolet,Model C
1832,Car,Chevrolet,Model A
1833,Motorcycle,Hyundai,Model D
1834,Motorcycle,Mercedes,Model C
1835,Truck,Ford,Model D
1836,Bus,Honda,Model C
1837,Bus,Nissan,Model E
1838,Bus,Toyota,Model E
1839,SUV,Mercedes,Model E
1840,Pickup,Honda,Model B
1841,Pickup,BMW,Model C
1842,Truck,Nissan,Model B
1843,Bus,Chevrolet,Model D
1844,SUV,BMW,Model B
1845,Motorcycle,Chevrolet,Model D
1846,Car,Chevrolet,Model D
1847,SUV,BMW,Model D
1848,Pickup,Nissan,Model B
1849,Pickup,Hyundai,Model C
1850,Motorcycle,BMW,Model B
1851,Motorcycle,Honda,Model C
1852,Car,Mercedes,Model C
1853,Motorcycle,Mercedes,Model D
1854,Truck,BMW,Model B
1855,Car,Honda,Model C
1856,Motorcycle,Hyundai,Model E
1857,Van,Mercedes,Model C
1858,SUV,Honda,Model E
1859,Motorcycle,Hyundai,Model B
1860,Truck,Honda,Model B
1861,Bus,Chevrolet,Model B
1862,Motorcycle,Mercedes,Model C
1863,Pickup,Hyundai,Model A
1864,Pickup,Mercedes,Model C
1865,Pickup,Chevrolet,Model C
1866,Bus,BMW,Model D
1867,Pickup,Chevrolet,Model D
1868,Van,Mercedes,Model C
1869,Motorcycle,Mercedes,Model E
1870,Pickup,Nissan,Model D
1871,Car,Hyundai,Model C
1872,Bus,BMW,Model A
1873,Van,Chevrolet,Model E
1874,Car,Hyundai,Model B
1875,Car,Toyota,Model C
1876,Car,Hyundai,Model C
1877,Car,Toyota,Model E
1878,Motorcycle,BMW,Model D
1879,Pickup,Chevrolet,Model D
1880,SUV,Chevrolet,Model D
1881,Motorcycle,Honda,Model B
1882,Motorcycle,Mercedes,Model E
1883,Van,Ford,Model E
1884,Van,Nissan,Model D
1885,Pickup,Hyundai,Model D
1886,SUV,BMW,Model A
1887,Van,Ford,Model A
1888,Pickup,Hyundai,Model C
1889,Pickup,Ford,Model C
1890,Truck,BMW,Model E
1891,SUV,Chevrolet,Model E
1892,Van,BMW,Model B
1893,SUV,Hyundai,Model B
1894,Motorcycle,Ford,Model A
1895,Motorcycle,Mercedes,Model C
1896,SUV,Nissan,Model A
1897,Truck,Nissan,Model A
1898,Truck,Mercedes,Model C
1899,SUV,Mercedes,Model B
1900,Van,Chevrolet,Model C
1901,Bus,Hyundai,Model D
1902,Truck,Toyota,Model D
1903,Car,BMW,Model D
1904,Motorcycle,Nissan,Model E
1905,SUV,Mercedes,Model B
1906,Car,BMW,Model B
1907,SUV,Nissan,Model E
1908,Pickup,Mercedes,Model A
1909,Motorcycle,Hyundai,Model D
1910,Motorcycle,Nissan,Model D
1911,Truck,Chevrolet,Model A
1912,Truck,Toyota,Model C
1913,Car,Toyota,Model C
1914,Pickup,Mercedes,Model B
1915,SUV,Nissan,Model E
1916,Pickup,Chevrolet,Model B
1917,Motorcycle,Honda,Model C
1918,Car,BMW,Model A
1919,Bus,BMW,Model B
1920,Car,Ford,Model D
1921,Van,Chevrolet,Model D
1922,Car,Nissan,Model A
1923,Pickup,Hyundai,Model C
1924,Van,Hyundai,Model D
1925,Van,Ford,Model D
1926,Van,Mercedes,Model E
1927,Bus,Nissan,Model B
1928,Car,Ford,Model C
1929,Pickup,Toyota,Model B
1930,Car,BMW,Model C
1931,Bus,Nissan,Model D
1932,Motorcycle,Ford,Model E
1933,Truck,Toyota,Model B
1934,Pickup,Chevrolet,Model D
1935,Pickup,Ford,Model C
1936,Car,Mercedes,Model B
1937,Truck,Mercedes,Model B
1938,SUV,Mercedes,Model D
1939,SUV,Nissan,Model B
1940,Bus,Hyundai,Model E
1941,SUV,Hyundai,Model E
1942,Pickup,BMW,Model D
1943,SUV,Ford,Model C
1944,Motorcycle,Chevrolet,Model D
1945,Motorcycle,Ford,Model E
1946,Motorcycle,BMW,Model A
1947,SUV,Toyota,Model A
1948,Bus,BMW,Model B
1949,Van,Mercedes,Model B
1950,Van,Nissan,Model A
1951,Truck,Toyota,Model E
1952,Van,Nissan,Model B
1953,Van,Mercedes,Model D
1954,Motorcycle,Honda,Model D
1955,Motorcycle,BMW,Model E
1956,SUV,BMW,Model B
1957,Truck,Chevrolet,Model D
1958,Car,Ford,Model B
1959,Pickup,Toyota,Model B
1960,Truck,Hyundai,Model D
1961,Truck,Nissan,Model A
1962,Bus,Toyota,Model D
1963,SUV,Chevrolet,Model E
1964,Bus,Chevrolet,Model C
1965,Truck,Nissan,Model D
1966,Truck,Hyundai,Model B
1967,Truck,Ford,Model B
1968,Van,Nissan,Model D
1969,Pickup,Nissan,Model C
1970,Pickup,Mercedes,Model D
1971,Bus,Hyundai,Model C
1972,Truck,Ford,Model C
1973,Pickup,BMW,Model E
1974,Motorcycle,Mercedes,Model B
1975,Pickup,Honda,Model B
1976,SUV,Hyundai,Model C
1977,SUV,Ford,Model B
1978,Pickup,Chevrolet,Model A
1979,Motorcycle,Mercedes,Model C
1980,SUV,Ford,Model B
1981,Van,Toyota,Model A
1982,Pickup,Nissan,Model E
1983,Van,Honda,Model B
1984,Pickup,BMW,Model A
1985,Car,Nissan,Model D
1986,Car,Toyota,Model D
1987,Car,Toyota,Model A
1988,SUV,Honda,Model C
1989,Van,BMW,Model C
1990,Van,Chevrolet,Model B
1991,Van,Mercedes,Model D
1992,Motorcycle,Hyundai,Model C
1993,Van,BMW,Model C
1994,Motorcycle,Hyundai,Model D
1995,Car,Ford,Model E
1996,Car,Toyota,Model C
1997,SUV,Ford,Model A
1998,Pickup,Chevrolet,Model B
1999,Car,Ford,Model C
2000,Pickup,BMW,Model C
2001,Pickup,Ford,Model E
2002,SUV,Chevrolet,Model A
2003,Truck,Chevrolet,Model B
2004,Truck,Chevrolet,Model C
2005,Bus,BMW,Model B
2006,SUV,Chevrolet,Model D
2007,Bus,Toyota,Model C
2008,Bus,Nissan,Model C
2009,Truck,Chevrolet,Model D
2010,SUV,Ford,Model E
2011,Truck,Mercedes,Model C
2012,Bus,Ford,Model B
2013,SUV,Mercedes,Model A
2014,Bus,Ford,Model B
2015,Van,BMW,Model E
2016,Pickup,Ford,Model A
2017,SUV,BMW,Model B
2018,SUV,BMW,Model B
2019,Pickup,Chevrolet,Model D
2020,Bus,Toyota,Model E
2021,Van,Mercedes,Model D
2022,Motorcycle,Chevrolet,Model A
2023,Pickup,Chevrolet,Model D
2024,Truck,Nissan,Model E
2025,Bus,BMW,Model C
2026,Pickup,BMW,Model C
2027,Pickup,Mercedes,Model A
2028,SUV,Ford,Model C
2029,Truck,Ford,Model D
2030,Truck,Hyundai,Model A
2031,Truck,Chevrolet,Model E
2032,Pickup,Hyundai,Model A
2033,Motorcycle,Honda,Model A
2034,Car,Honda,Model B
2035,Bus,Hyundai,Model B
2036,Car,Ford,Model A
2037,Pickup,Honda,Model C
2038,Car,Nissan,Model B
2039,Pickup,Ford,Model E
2040,Car,BMW,Model D
2041,Truck,Chevrolet,Model B
2042,Van,Toyota,Model A
2043,Truck,Chevrolet,Model C
2044,Truck,Hyundai,Model D
2045,SUV,Ford,Model B
2046,SUV,Hyundai,Model C
2047,Car,Nissan,Model C
2048,Pickup,Ford,Model C
2049,Truck,Chevrolet,Model A
2050,Car,Nissan,Model E
2051,SUV,Nissan,Model C
2052,Van,Nissan,Model D
2053,Bus,Mercedes,Model B
2054,Car,Ford,Model D
2055,Van,Honda,Model A
2056,Bus,Honda,Model A
2057,Motorcycle,Ford,Model D
2058,Car,Ford,Model E
2059,Car,Mercedes,Model A
2060,Motorcycle,Honda,Model A
2061,Motorcycle,Ford,Model D
2062,Car,Ford,Model A
2063,Motorcycle,Hyundai,Model E
2064,Truck,Mercedes,Model E
2065,Bus,Mercedes,Model E
2066,Bus,Chevrolet,Model B
2067,Bus,Mercedes,Model E
2068,Truck,Toyota,Model E
2069,Pickup,Honda,Model B
2070,Motorcycle,Chevrolet,Model C
2071,Van,Toyota,Model A
2072,Motorcycle,Ford,Model E
2073,Car,Hyundai,Model A
2074,SUV,Hyundai,Model D
2075,Bus,Ford,Model A
2076,Motorcycle,Chevrolet,Model B
2077,Van,Mercedes,Model A
2078,Car,Nissan,Model A
2079,Truck,Hyundai,Model A
2080,Pickup,Nissan,Model C
2081,Truck,Ford,Model C
2082,Van,Nissan,Model D
2083,Car,BMW,Model B
2084,Bus,Chevrolet,Model A
2085,Motorcycle,Toyota,Model A
2086,Car,Chevrolet,Model A
2087,Pickup,Honda,Model A
2088,Truck,Mercedes,Model C
2089,Pickup,Mercedes,Model D
2090,Pickup,Chevrolet,Model E
2091,Van,Ford,Model B
2092,Van,Ford,Model A
2093,Motorcycle,BMW,Model D
2094,Van,BMW,Model E
2095,Van,Mercedes,Model D
2096,Car,BMW,Model C
2097,Bus,Hyundai,Model E
2098,Motorcycle,Hyundai,Model D
2099,Car,Toyota,Model C
2100,Bus,BMW,Model D
2101,Pickup,Toyota,Model D
2102,Car,BMW,Model E
2103,SUV,Mercedes,Model C
2104,Car,Mercedes,Model A
2105,Van,Toyota,Model B
2106,Bus,Chevrolet,Model E
2107,Motorcycle,Mercedes,Model C
2108,Motorcycle,Chevrolet,Model D
2109,Bus,Ford,Model C
2110,Van,Hyundai,Model B
2111,Truck,Toyota,Model B
2112,Car,Nissan,Model A
2113,Van,Mercedes,Model A
2114,SUV,Honda,Model B
2115,Pickup,Ford,Model E
2116,Bus,Chevrolet,Model E
2117,Car,Mercedes,Model D
2118,Motorcycle,Toyota,Model A
2119,Pickup,Nissan,Model D
2120,Truck,BMW,Model A
2121,SUV,Nissan,Model B
2122,Motorcycle,Honda,Model E
2123,Bus,Chevrolet,Model E
2124,Car,Ford,Model B
2125,Bus,Nissan,Model D
2126,Pickup,Toyota,Model D
2127,Car,Honda,Model C
2128,Van,Toyota,Model A
2129,Truck,Mercedes,Model D
2130,Van,BMW,Model B
2131,Van,Ford,Model D
2132,Bus,Toyota,Model E
2133,Pickup,Chevrolet,Model A
2134,Truck,Mercedes,Model C
2135,Car,Mercedes,Model A
2136,Car,Ford,Model E
2137,SUV,Mercedes,Model E
2138,Motorcycle,Chevrolet,Model E
2139,SUV,Toyota,Model E
2140,SUV,Ford,Model B
2141,Car,Hyundai,Model C
2142,Bus,Mercedes,Model E
2143,Van,Mercedes,Model E
2144,Pickup,Chevrolet,Model D
2145,Van,BMW,Model C
2146,Van,BMW,Model A
2147,Truck,Nissan,Model C
2148,Car,Mercedes,Model C
2149,Pickup,Hyundai,Model C
2150,Bus,Toyota,Model E
2151,Truck,Ford,Model E
2152,Motorcycle,Mercedes,Model B
2153,Bus,Honda,Model A
2154,SUV,Ford,Model D
2155,Bus,Nissan,Model C
2156,Bus,BMW,Model A
2157,Van,Hyundai,Model A
2158,Bus,Mercedes,Model B
2159,SUV,Chevrolet,Model D
2160,SUV,Honda,Model C
2161,Car,Mercedes,Model D
2162,Bus,Hyundai,Model B
2163,Van,Nissan,Model E
2164,Bus,Toyota,Model A
2165,Motorcycle,Honda,Model C
2166,Motorcycle,Nissan,Model E
2167,Van,Mercedes,Model B
2168,Car,Toyota,Model D
2169,Car,Honda,Model A
2170,SUV,Toyota,Model C
2171,SUV,Toyota,Model E
2172,Truck,Honda,Model E
2173,Van,Honda,Model A
2174,Bus,Toyota,Model D
2175,Pickup,Nissan,Model B
2176,Van,Hyundai,Model D
2177,Truck,BMW,Model D
2178,SUV,Honda,Model D
2179,Van,Mercedes,Model A
2180,Van,Ford,Model A
2181,SUV,Chevrolet,Model B
2182,Truck,Toyota,Model D
2183,SUV,Toyota,Model A
2184,Car,Chevrolet,Model B
2185,Bus,BMW,Model B
2186,SUV,Chevrolet,Model D
2187,Truck,Honda,Model C
2188,Motorcycle,Chevrolet,Model D
2189,Car,Toyota,Model C
2190,Motorcycle,Chevrolet,Model B
2191,Pickup,Ford,Model A
2192,SUV,Mercedes,Model E
2193,Car,Honda,Model B
2194,Bus,Chevrolet,Model A
2195,SUV,Toyota,Model B
2196,Bus,Nissan,Model D
2197,Van,Mercedes,Model C
2198,Motorcycle,Honda,Model B
2199,Car,Toyota,Model A
2200,Bus,BMW,Model D
2201,Truck,Ford,Model E
2202,Bus,Hyundai,Model D
2203,Truck,BMW,Model C
2204,SUV,Hyundai,Model D
2205,Car,Ford,Model E
2206,Bus,Chevrolet,Model A
2207,Pickup,Honda,Model B
2208,Bus,Chevrolet,Model C
2209,Pickup,Ford,Model E
2210,Car,Ford,Model C
2211,Bus,Ford,Model D
2212,Truck,Hyundai,Model C
2213,Bus,Mercedes,Model E
2214,Motorcycle,Toyota,Model B
2215,SUV,Honda,Model B
2216,Van,Chevrolet,Model C
2217,Truck,Chevrolet,Model A
2218,Motorcycle,BMW,Model C
2219,Pickup,Hyundai,Model D
2220,SUV,Ford,Model B
2221,Car,Nissan,Model B
2222,Truck,Ford,Model B
2223,Van,Ford,Model A
2224,SUV,Nissan,Model A
2225,Pickup,Chevrolet,Model E
2226,Van,BMW,Model C
2227,Car,Toyota,Model C
2228,Car,Nissan,Model D
2229,Pickup,Hyundai,Model B
2230,Truck,Mercedes,Model A
2231,Pickup,Honda,Model D
2232,Bus,Hyundai,Model D
2233,Car,Nissan,Model A
2234,SUV,Toyota,Model C
2235,Bus,Chevrolet,Model B
2236,Motorcycle,Mercedes,Model C
2237,Van,Mercedes,Model D
2238,Bus,Mercedes,Model B
2239,Van,Ford,Model E
2240,Pickup,Honda,Model D
2241,Bus,Chevrolet,Model C
2242,Pickup,Chevrolet,Model C
2243,Motorcycle,Mercedes,Model C
2244,Car,Chevrolet,Model A
2245,Motorcycle,Honda,Model D
2246,Car,Honda,Model B
2247,Pickup,BMW,Model C
2248,Car,Nissan,Model C
2249,Van,Nissan,Model A
2250,SUV,BMW,Model B
2251,Motorcycle,Toyota,Model D
2252,Bus,Nissan,Model E
2253,Motorcycle,Honda,Model A
2254,Van,Honda,Model D
2255,Car,Nissan,Model E
2256,Van,Honda,Model C
2257,Truck,BMW,Model C
2258,Truck,Mercedes,Model B
2259,Bus,Mercedes,Model E
2260,Van,Chevrolet,Model C
2261,Pickup,Hyundai,Model C
2262,Bus,Hyundai,Model B
2263,Pickup,Mercedes,Model D
2264,Bus,Ford,Model C
2265,Truck,BMW,Model A
2266,Bus,Honda,Model A
2267,Truck,Nissan,Model D
2268,Car,Mercedes,Model E
2269,Pickup,BMW,Model B
2270,Van,Mercedes,Model A
2271,Bus,Toyota,Model A
2272,Truck,Honda,Model D
2273,Motorcycle,Toyota,Model E
2274,Pickup,Honda,Model E
2275,Bus,BMW,Model D
2276,SUV,Chevrolet,Model A
2277,Car,Mercedes,Model B
2278,Car,Mercedes,Model A
2279,Motorcycle,Ford,Model E
2280,Truck,Nissan,Model A
2281,Bus,Toyota,Model B
2282,Pickup,Mercedes,Model C
2283,Truck,BMW,Model A
2284,Car,Chevrolet,Model D
2285,Truck,Nissan,Model C
2286,Car,BMW,Model D
2287,Truck,Toyota,Model D
2288,Motorcycle,Ford,Model D
2289,Van,Mercedes,Model A
2290,Motorcycle,BMW,Model E
2291,Motorcycle,Nissan,Model C
2292,Van,Honda,Model B
2293,Van,Chevrolet,Model E
2294,Bus,Nissan,Model A
2295,Pickup,BMW,Model D
2296,Pickup,Chevrolet,Model B
2297,Bus,Mercedes,Model C
2298,Motorcycle,Honda,Model E
2299,Motorcycle,Ford,Model E
2300,Car,Nissan,Model B
2301,Car,Ford,Model A
2302,Pickup,Honda,Model C
2303,Bus,Chevrolet,Model B
2304,SUV,Mercedes,Model D
2305,SUV,BMW,Model C
2306,Bus,Honda,Model E
2307,Car,Toyota,Model B
2308,Pickup,Chevrolet,Model E
2309,Pickup,Ford,Model E
2310,Car,Nissan,Model E
2311,SUV,Honda,Model A
2312,Truck,Ford,Model E
2313,Truck,Chevrolet,Model D
2314,Car,Ford,Model D
2315,Truck,Honda,Model C
2316,Van,Chevrolet,Model E
2317,Bus,Toyota,Model E
2318,Bus,Honda,Model B
2319,Car,BMW,Model A
2320,Motorcycle,Hyundai,Model C
2321,SUV,Mercedes,Model E
2322,Car,Honda,Model B
2323,Truck,Chevrolet,Model A
2324,SUV,Nissan,Model C
2325,Motorcycle,Mercedes,Model C
2326,Truck,Honda,Model E
2327,Pickup,Toyota,Model C
2328,Van,Nissan,Model B
2329,Truck,Toyota,Model C
2330,Van,BMW,Model D
2331,SUV,Nissan,Model B
2332,Van,Ford,Model A
2333,SUV,Hyundai,Model A
2334,SUV,Nissan,Model E
2335,SUV,Mercedes,Model E
2336,SUV,Nissan,Model D
2337,SUV,Chevrolet,Model A
2338,Truck,Hyundai,Model A
2339,SUV,Chevrolet,Model A
2340,Truck,Ford,Model A
2341,SUV,Nissan,Model C
2342,Van,Toyota,Model B
2343,Pickup,Toyota,Model B
2344,SUV,Honda,Model D
2345,Motorcycle,BMW,Model C
2346,SUV,Mercedes,Model A
2347,SUV,Hyundai,Model A
2348,Van,BMW,Model E
2349,Bus,Nissan,Model E
2350,Van,BMW,Model D
2351,Motorcycle,Honda,Model A
2352,Bus,BMW,Model D
2353,Car,Hyundai,Model C
2354,Car,Ford,Model B
2355,Motorcycle,Honda,Model A
2356,Van,Ford,Model C
2357,Truck,Nissan,Model A
2358,Motorcycle,Honda,Model E
2359,Pickup,Nissan,Model D
2360,Bus,Nissan,Model E
2361,Bus,BMW,Model B
2362,SUV,Ford,Model E
2363,Car,Nissan,Model A
2364,Bus,Ford,Model E
2365,Motorcycle,Ford,Model A
2366,Bus,Honda,Model B
2367,Motorcycle,Chevrolet,Model E
2368,Truck,BMW,Model D
2369,SUV,Nissan,Model D
2370,Car,Ford,Model D
2371,Bus,Mercedes,Model E
2372,Motorcycle,Chevrolet,Model E
2373,Van,Nissan,Model E
2374,Car,Mercedes,Model A
2375,Truck,BMW,Model B
2376,Motorcycle,BMW,Model D
2377,Pickup,Ford,Model A
2378,Pickup,Ford,Model D
2379,SUV,Hyundai,Model A
2380,SUV,Hyundai,Model E
2381,Truck,Nissan,Model D
2382,Truck,Honda,Model E
2383,SUV,Chevrolet,Model D
2384,Bus,Nissan,Model C
2385,Bus,Chevrolet,Model A
2386,Motorcycle,Ford,Model C
2387,Van,BMW,Model A
2388,Motorcycle,Ford,Model B
2389,Van,BMW,Model D
2390,Truck,Hyundai,Model B
2391,Car,Nissan,Model B
2392,Motorcycle,Hyundai,Model A
2393,Motorcycle,BMW,Model C
2394,Van,Ford,Model E
2395,Truck,Hyundai,Model A
2396,Truck,Toyota,Model E
2397,Pickup,Chevrolet,Model B
2398,Van,Mercedes,Model E
2399,Truck,BMW,Model C
2400,SUV,BMW,Model A
2401,Bus,Toyota,Model C
2402,Pickup,Nissan,Model C
2403,SUV,Nissan,Model A
2404,Car,Nissan,Model C
2405,Motorcycle,Mercedes,Model D
2406,Pickup,Honda,Model D
2407,Car,Toyota,Model D
2408,Motorcycle,Mercedes,Model E
2409,Bus,Hyundai,Model C
2410,Truck,Toyota,Model A
2411,SUV,BMW,Model A
2412,Van,Chevrolet,Model E
2413,SUV,Toyota,Model A
2414,Bus,Honda,Model D
2415,Car,Ford,Model C
2416,Van,Hyundai,Model A
2417,Truck,Mercedes,Model A
2418,Bus,Hyundai,Model B
2419,Van,Hyundai,Model B
2420,Bus,Toyota,Model B
2421,Bus,Toyota,Model C
2422,Truck,Honda,Model D
2423,Pickup,Chevrolet,Model D
2424,Motorcycle,Toyota,Model D
2425,Van,Toyota,Model C
2426,Truck,Chevrolet,Model C
2427,Bus,Honda,Model B
2428,Truck,Mercedes,Model A
2429,Pickup,Hyundai,Model E
2430,Motorcycle,Mercedes,Model E
2431,SUV,Toyota,Model A
2432,Van,Chevrolet,Model B
2433,Motorcycle,Toyota,Model A
2434,Car,Nissan,Model A
2435,Van,Ford,Model E
2436,Motorcycle,Mercedes,Model B
2437,Bus,Nissan,Model C
2438,Van,BMW,Model E
2439,Van,Ford,Model C
2440,Truck,Toyota,Model B
2441,Bus,Honda,Model A
2442,Car,Mercedes,Model D
2443,SUV,BMW,Model D
2444,Pickup,Ford,Model B
2445,Motorcycle,Mercedes,Model D
2446,Truck,Chevrolet,Model C
2447,Motorcycle,Honda,Model D
2448,Car,Ford,Model B
2449,Car,Chevrolet,Model B
2450,Van,Nissan,Model C
2451,Pickup,Toyota,Model D
2452,Car,Chevrolet,Model D
2453,Motorcycle,Ford,Model A
2454,Bus,Hyundai,Model E
2455,Bus,Ford,Model B
2456,Van,Hyundai,Model A
2457,SUV,Nissan,Model B
2458,Motorcycle,Toyota,Model A
2459,Motorcycle,Hyundai,Model E
2460,Car,Hyundai,Model A
2461,Pickup,Chevrolet,Model B
2462,Motorcycle,Chevrolet,Model D
2463,Truck,Toyota,Model B
2464,SUV,Chevrolet,Model C
2465,Car,Mercedes,Model C
2466,Truck,Toyota,Model C
2467,Van,Honda,Model C
2468,Bus,Hyundai,Model E
2469,Van,Ford,Model D
2470,Bus,Honda,Model D
2471,Van,Hyundai,Model B
2472,Motorcycle,Mercedes,Model A
2473,Truck,Hyundai,Model B
2474,Bus,Hyundai,Model B
2475,Car,Hyundai,Model B
2476,Truck,Nissan,Model B
2477,Car,Mercedes,Model D
2478,Truck,BMW,Model A
2479,Truck,BMW,Model B
2480,Van,BMW,Model D
2481,Bus,Toyota,Model B
2482,Bus,Chevrolet,Model C
2483,Pickup,Mercedes,Model B
2484,Truck,Honda,Model B
2485,Motorcycle,Nissan,Model E
2486,Motorcycle,Honda,Model C
2487,Car,Honda,Model A
2488,Car,Honda,Model B
2489,Van,Nissan,Model A
2490,Truck,BMW,Model C
2491,Car,Honda,Model B
2492,Car,Nissan,Model E
2493,SUV,Nissan,Model D
2494,Truck,Chevrolet,Model E
2495,Van,Nissan,Model E
2496,Car,BMW,Model D
2497,Van,Honda,Model D
2498,Bus,Nissan,Model D
2499,Van,Toyota,Model B
2500,Motorcycle,Nissan,Model A
2501,Motorcycle,Ford,Model A
2502,Van,Ford,Model D
2503,Motorcycle,Ford,Model E
2504,Bus,Nissan,Model C
2505,Truck,BMW,Model D
2506,Motorcycle,Honda,Model E
2507,Motorcycle,Mercedes,Model E
2508,Van,Mercedes,Model B
2509,Bus,Mercedes,Model B
2510,Pickup,BMW,Model A
2511,Pickup,Chevrolet,Model A
2512,Pickup,Hyundai,Model C
2513,Pickup,Toyota,Model C
2514,Truck,Toyota,Model C
2515,Van,Ford,Model C
2516,Van,Ford,Model E
2517,SUV,Nissan,Model E
2518,Bus,Mercedes,Model A
2519,Pickup,Nissan,Model B
2520,Truck,Hyundai,Model B
2521,Bus,Mercedes,Model D
2522,Pickup,Ford,Model E
2523,Truck,Honda,Model C
2524,Bus,Chevrolet,Model C
2525,Van,Nissan,Model D
2526,Van,Chevrolet,Model B
2527,Car,Chevrolet,Model C
2528,Motorcycle,Chevrolet,Model B
2529,Pickup,Ford,Model D
2530,SUV,Toyota,Model B
2531,Bus,Ford,Model B
2532,SUV,Chevrolet,Model B
2533,Car,Ford,Model C
2534,Motorcycle,Chevrolet,Model A
2535,Bus,BMW,Model E
2536,Truck,Mercedes,Model B
2537,Pickup,Toyota,Model B
2538,Motorcycle,BMW,Model B
2539,Van,Honda,Model A
2540,Car,Ford,Model D
2541,Motorcycle,Honda,Model C
2542,Pickup,Nissan,Model A
2543,Motorcycle,Ford,Model B
2544,Pickup,Hyundai,Model A
2545,Van,Hyundai,Model A
2546,Bus,Mercedes,Model A
2547,Truck,BMW,Model D
2548,Van,Mercedes,Model E
2549,Truck,Nissan,Model C
2550,Bus,Chevrolet,Model D
2551,Motorcycle,Mercedes,Model D
2552,Truck,Mercedes,Model E
2553,Car,Hyundai,Model D
2554,Car,Chevrolet,Model A
2555,Pickup,Hyundai,Model A
2556,Van,Ford,Model B
2557,Bus,Chevrolet,Model D
2558,Pickup,BMW,Model B
2559,Van,Mercedes,Model C
2560,Van,Hyundai,Model A
2561,Pickup,Chevrolet,Model C
2562,SUV,Nissan,Model E
2563,Van,Nissan,Model A
2564,SUV,Mercedes,Model C
2565,Car,BMW,Model E
2566,Car,Honda,Model C
2567,Van,Hyundai,Model E
2568,Car,BMW,Model E
2569,Bus,Toyota,Model A
2570,SUV,Toyota,Model B
2571,SUV,Toyota,Model E
2572,Van,Mercedes,Model E
2573,Car,Nissan,Model A
2574,Truck,Ford,Model B
2575,Pickup,Hyundai,Model D
2576,Pickup,Nissan,Model D
2577,SUV,Ford,Model B
2578,Van,Ford,Model C
2579,Van,Nissan,Model A
2580,Bus,Hyundai,Model B
2581,Motorcycle,Mercedes,Model D
2582,Motorcycle,BMW,Model E
2583,SUV,Ford,Model D
2584,Pickup,Honda,Model E
2585,Bus,Nissan,Model A
2586,Bus,Nissan,Model E
2587,Bus,Toyota,Model B
2588,SUV,BMW,Model E
2589,Motorcycle,Toyota,Model C
2590,Pickup,Nissan,Model B
2591,Bus,Nissan,Model A
2592,Pickup,Ford,Model B
2593,Car,BMW,Model C
2594,Van,Chevrolet,Model A
2595,Van,Honda,Model D
2596,Pickup,Hyundai,Model C
2597,Truck,Ford,Model A
2598,Truck,Nissan,Model E
2599,SUV,Hyundai,Model B
2600,SUV,Ford,Model A
2601,Van,Honda,Model B
2602,Car,Nissan,Model E
2603,Motorcycle,Honda,Model A
2604,Motorcycle,Hyundai,Model D
2605,SUV,Chevrolet,Model C
2606,Car,Ford,Model A
2607,SUV,Mercedes,Model E
2608,Motorcycle,Ford,Model A
2609,Pickup,Toyota,Model B
2610,SUV,BMW,Model A
2611,Bus,BMW,Model D
2612,Pickup,Toyota,Model A
2613,SUV,Nissan,Model C
2614,Van,BMW,Model A
2615,SUV,Honda,Model B
2616,Van,Hyundai,Model A
2617,Car,Hyundai,Model D
2618,Motorcycle,BMW,Model E
2619,Pickup,BMW,Model A
2620,Pickup,Toyota,Model A
2621,Truck,Nissan,Model C
2622,Truck,Chevrolet,Model D
2623,Motorcycle,BMW,Model E
2624,Truck,Mercedes,Model B
2625,Pickup,BMW,Model A
2626,SUV,Chevrolet,Model E
2627,Car,Toyota,Model B
2628,Car,Chevrolet,Model D
2629,Motorcycle,Toyota,Model D
2630,Truck,Honda,Model E
2631,SUV,Toyota,Model B
2632,Car,Honda,Model D
2633,Car,Honda,Model E
2634,Bus,Toyota,Model D
2635,Bus,Mercedes,Model D
2636,Pickup,Ford,Model D
2637,Car,Toyota,Model C
2638,Motorcycle,BMW,Model B
2639,Van,Mercedes,Model E
2640,Van,Mercedes,Model E
2641,SUV,BMW,Model B
2642,Car,Ford,Model B
2643,Car,Mercedes,Model B
2644,Pickup,Honda,Model B
2645,Car,Hyundai,Model A
2646,Motorcycle,Ford,Model E
2647,Bus,Nissan,Model A
2648,Car,BMW,Model D
2649,Car,Ford,Model D
2650,Pickup,Toyota,Model E
2651,Truck,Hyundai,Model D
2652,Pickup,Ford,Model B
2653,Pickup,Honda,Model A
2654,Motorcycle,Hyundai,Model B
2655,SUV,Toyota,Model D
2656,Car,Chevrolet,Model A
2657,Pickup,BMW,Model B
2658,Pickup,Hyundai,Model E
2659,Truck,BMW,Model B
2660,Pickup,Ford,Model D
2661,Van,Mercedes,Model A
2662,SUV,Toyota,Model E
2663,Car,Chevrolet,Model A
2664,Car,Toyota,Model E
2665,Truck,BMW,Model A
2666,Motorcycle,Toyota,Model D
2667,Car,Chevrolet,Model E
2668,Van,Mercedes,Model C
2669,Car,Ford,Model A
2670,Van,Honda,Model A
2671,SUV,Toyota,Model B
2672,SUV,Hyundai,Model E
2673,Bus,Honda,Model C
2674,Bus,BMW,Model D
2675,Van,Ford,Model B
2676,Motorcycle,Nissan,Model C
2677,Car,Ford,Model E
2678,Pickup,Toyota,Model C
2679,Car,Hyundai,Model A
2680,Bus,Mercedes,Model A
2681,Pickup,Ford,Model B
2682,Van,Toyota,Model E
2683,Pickup,Toyota,Model E
2684,Car,Honda,Model C
2685,Car,Ford,Model B
2686,Motorcycle,Toyota,Model E
2687,Truck,Honda,Model A
2688,Pickup,Hyundai,Model C
2689,Bus,Chevrolet,Model D
2690,Bus,Hyundai,Model A
2691,Truck,Nissan,Model B
2692,Car,Honda,Model E
2693,Motorcycle,Honda,Model A
2694,Motorcycle,Toyota,Model D
2695,Bus,BMW,Model D
2696,Motorcycle,BMW,Model B
2697,SUV,Mercedes,Model A
2698,Truck,BMW,Model C
2699,Car,Honda,Model A
2700,SUV,Mercedes,Model D
2701,Truck,Hyundai,Model B
2702,Van,Toyota,Model B
2703,Pickup,Hyundai,Model C
2704,Bus,Ford,Model B
2705,Motorcycle,Nissan,Model B
2706,Van,Nissan,Model B
2707,Motorcycle,Honda,Model B
2708,SUV,Honda,Model B
2709,Car,Mercedes,Model D
2710,Car,Toyota,Model A
2711,Car,Chevrolet,Model E
2712,Motorcycle,Honda,Model B
2713,Van,Chevrolet,Model E
2714,Car,Hyundai,Model E
2715,Van,Chevrolet,Model D
2716,Motorcycle,BMW,Model B
2717,SUV,Toyota,Model E
2718,Van,Nissan,Model B
2719,SUV,Nissan,Model C
2720,Motorcycle,Chevrolet,Model C
2721,Motorcycle,Nissan,Model C
2722,Bus,Hyundai,Model E
2723,Motorcycle,Toyota,Model C
2724,Motorcycle,BMW,Model D
2725,Truck,Toyota,Model D
2726,Car,Honda,Model E
2727,Bus,Chevrolet,Model B
2728,Pickup,Toyota,Model A
2729,Bus,Hyundai,Model B
2730,Bus,Nissan,Model B
2731,Pickup,Ford,Model B
2732,Truck,Toyota,Model B
2733,SUV,Chevrolet,Model A
2734,Motorcycle,BMW,Model C
2735,Car,Nissan,Model B
2736,Van,BMW,Model D
2737,Pickup,Chevrolet,Model E
2738,SUV,Nissan,Model E
2739,Pickup,Honda,Model D
2740,Motorcycle,Nissan,Model B
2741,Truck,Honda,Model A
2742,Pickup,BMW,Model C
2743,Motorcycle,BMW,Model E
2744,Motorcycle,Chevrolet,Model C
2745,Truck,Honda,Model A
2746,Bus,BMW,Model E
2747,Bus,Honda,Model C
2748,Car,BMW,Model A
2749,Car,Nissan,Model C
2750,Bus,Toyota,Model B
2751,SUV,Hyundai,Model A
2752,Van,Ford,Model C
2753,Motorcycle,Hyundai,Model B
2754,Van,Nissan,Model B
2755,Motorcycle,Mercedes,Model A
2756,Bus,Hyundai,Model D
2757,Car,Toyota,Model E
2758,SUV,Mercedes,Model A
2759,Car,BMW,Model B
2760,Van,Ford,Model B
2761,Car,Ford,Model A
2762,Bus,BMW,Model D
2763,SUV,BMW,Model E
2764,Van,Honda,Model C
2765,SUV,BMW,Model A
2766,Motorcycle,Chevrolet,Model E
2767,Car,Hyundai,Model E
2768,SUV,BMW,Model B
2769,Truck,Chevrolet,Model C
2770,Car,BMW,Model A
2771,Motorcycle,Honda,Model B
2772,SUV,Chevrolet,Model B
2773,Van,Hyundai,Model D
2774,Motorcycle,Toyota,Model E
2775,Truck,Chevrolet,Model A
2776,SUV,Nissan,Model A
2777,Pickup,Honda,Model A
2778,Pickup,Mercedes,Model B
2779,Bus,Hyundai,Model D
2780,Car,Chevrolet,Model C
2781,Van,Nissan,Model B
2782,Bus,Nissan,Model C
2783,SUV,Hyundai,Model D
2784,Pickup,Hyundai,Model E
2785,Pickup,Nissan,Model A
2786,Pickup,BMW,Model C
2787,SUV,Nissan,Model B
2788,Pickup,BMW,Model C
2789,Motorcycle,Mercedes,Model E
2790,SUV,Honda,Model A
2791,Van,Ford,Model C
2792,Bus,BMW,Model E
2793,Van,Nissan,Model B
2794,Truck,Nissan,Model D
2795,Pickup,Toyota,Model B
2796,Truck,Nissan,Model A
2797,Car,Honda,Model B
2798,Car,Chevrolet,Model B
2799,Truck,Chevrolet,Model B
2800,SUV,Nissan,Model B
2801,Van,Toyota,Model A
2802,Truck,BMW,Model E
2803,Car,Honda,Model C
2804,Truck,Toyota,Model D
2805,SUV,BMW,Model C
2806,Truck,Honda,Model C
2807,Van,Nissan,Model D
2808,Bus,Chevrolet,Model A
2809,SUV,Honda,Model D
2810,Car,Nissan,Model A
2811,Van,Mercedes,Model C
2812,Truck,Ford,Model A
2813,Truck,Honda,Model E
2814,Bus,Ford,Model D
2815,Car,Honda,Model E
2816,Car,Ford,Model C
2817,Motorcycle,Mercedes,Model D
2818,Car,Chevrolet,Model C
2819,Bus,Hyundai,Model E
2820,Pickup,BMW,Model C
2821,Motorcycle,Ford,Model D
2822,Motorcycle,Mercedes,Model D
2823,Truck,Ford,Model C
2824,Truck,Chevrolet,Model D
2825,Car,Ford,Model D
2826,Motorcycle,Mercedes,Model C
2827,Truck,Nissan,Model E
2828,Bus,Mercedes,Model D
2829,Truck,Hyundai,Model D
2830,SUV,Hyundai,Model D
2831,SUV,Hyundai,Model D
2832,Truck,Toyota,Model C
2833,Motorcycle,Chevrolet,Model E
2834,Pickup,Nissan,Model E
2835,Pickup,Toyota,Model A
2836,Motorcycle,Chevrolet,Model D
2837,Van,Nissan,Model D
2838,Pickup,Ford,Model A
2839,SUV,Nissan,Model E
2840,Bus,Mercedes,Model B
2841,Motorcycle,Toyota,Model B
2842,Car,Ford,Model E
2843,SUV,Mercedes,Model D
2844,Bus,Chevrolet,Model B
2845,Bus,Nissan,Model C
2846,Motorcycle,Mercedes,Model C
2847,Bus,Ford,Model A
2848,Motorcycle,Toyota,Model E
2849,Pickup,Toyota,Model E
2850,Truck,Hyundai,Model B
2851,SUV,Nissan,Model D
2852,Van,Mercedes,Model E
2853,Truck,Hyundai,Model B
2854,SUV,Ford,Model B
2855,Motorcycle,Hyundai,Model E
2856,SUV,Honda,Model B
2857,Pickup,Chevrolet,Model A
2858,Motorcycle,Hyundai,Model A
2859,Truck,Chevrolet,Model E
2860,Car,Ford,Model D
2861,Car,Honda,Model A
2862,SUV,Toyota,Model A
2863,Car,Nissan,Model E
2864,Motorcycle,BMW,Model C
2865,Bus,BMW,Model B
2866,Motorcycle,Nissan,Model A
2867,Bus,Ford,Model C
2868,Truck,Honda,Model D
2869,Van,Honda,Model C
2870,Bus,Chevrolet,Model E
2871,Car,Toyota,Model D
2872,Motorcycle,Mercedes,Model D
2873,Truck,Hyundai,Model C
2874,Car,Honda,Model E
2875,Truck,Nissan,Model A
2876,Van,Mercedes,Model C
2877,Pickup,BMW,Model A
2878,Motorcycle,Mercedes,Model C
2879,SUV,Toyota,Model A
2880,Motorcycle,Nissan,Model C
2881,Van,Toyota,Model D
2882,Motorcycle,Mercedes,Model B
2883,SUV,Hyundai,Model D
2884,Bus,Ford,Model A
2885,Truck,Honda,Model E
2886,SUV,Nissan,Model D
2887,Car,Ford,Model B
2888,Van,Mercedes,Model A
2889,Bus,Honda,Model D
2890,Car,Chevrolet,Model C
2891,Car,Ford,Model E
2892,Van,Ford,Model A
2893,Bus,Mercedes,Model D
2894,Pickup,BMW,Model A
2895,Car,Mercedes,Model C
2896,Car,Ford,Model B
2897,Bus,Honda,Model D
2898,Motorcycle,Hyundai,Model A
2899,Car,BMW,Model A
2900,Truck,Mercedes,Model A
2901,Bus,Hyundai,Model B
2902,Car,Nissan,Model A
2903,Van,Mercedes,Model E
2904,SUV,Ford,Model E
2905,Truck,Hyundai,Model A
2906,SUV,Ford,Model E
2907,SUV,Chevrolet,Model D
2908,Car,Hyundai,Model E
2909,Truck,Hyundai,Model A
2910,Truck,Mercedes,Model C
2911,Motorcycle,Ford,Model D
2912,SUV,Nissan,Model B
2913,Truck,Toyota,Model A
2914,Motorcycle,BMW,Model B
2915,Bus,Toyota,Model C
2916,Motorcycle,BMW,Model B
2917,Van,Nissan,Model A
2918,Pickup,Hyundai,Model A
2919,Car,Hyundai,Model C
2920,Bus,Mercedes,Model A
2921,Pickup,Chevrolet,Model C
2922,Pickup,Ford,Model C
2923,Bus,Ford,Model A
2924,Van,Ford,Model E
2925,Motorcycle,Mercedes,Model C
2926,Car,BMW,Model A
2927,Motorcycle,Hyundai,Model E
2928,Truck,Nissan,Model C
2929,Motorcycle,Ford,Model E
2930,Bus,Toyota,Model D
2931,Car,Ford,Model D
2932,Motorcycle,Hyundai,Model E
2933,Car,Mercedes,Model C
2934,Car,Nissan,Model A
2935,Truck,Chevrolet,Model B
2936,Truck,Nissan,Model A
2937,Bus,Toyota,Model B
2938,Van,Ford,Model B
2939,Pickup,Ford,Model C
2940,Car,Honda,Model E
2941,Van,BMW,Model A
2942,Pickup,Toyota,Model E
2943,Pickup,Honda,Model D
2944,Bus,Nissan,Model C
2945,Pickup,Chevrolet,Model C
2946,Pickup,BMW,Model D
2947,Car,Toyota,Model A
2948,Car,Ford,Model D
2949,SUV,Nissan,Model A
2950,Van,Toyota,Model B
2951,Motorcycle,Ford,Model C
2952,Truck,Hyundai,Model A
2953,Motorcycle,BMW,Model E
2954,Van,Hyundai,Model E
2955,Truck,Hyundai,Model C
2956,Motorcycle,Ford,Model D
2957,SUV,Chevrolet,Model D
2958,Truck,Nissan,Model A
2959,Car,Mercedes,Model D
2960,Motorcycle,Ford,Model C
2961,Truck,Chevrolet,Model A
2962,SUV,Mercedes,Model B
2963,Pickup,Nissan,Model D
2964,Truck,Hyundai,Model D
2965,Truck,BMW,Model A
2966,SUV,BMW,Model E
2967,Pickup,Nissan,Model D
2968,Motorcycle,Nissan,Model C
2969,Bus,Toyota,Model D
2970,Motorcycle,Chevrolet,Model B
2971,Pickup,Hyundai,Model D
2972,Van,Chevrolet,Model E
2973,SUV,Nissan,Model D
2974,Motorcycle,Honda,Model A
2975,Truck,Honda,Model D
2976,SUV,Mercedes,Model E
2977,Car,Mercedes,Model A
2978,Pickup,Honda,Model C
2979,Motorcycle,Nissan,Model A
2980,SUV,Nissan,Model B
2981,Motorcycle,Mercedes,Model A
2982,SUV,Ford,Model C
2983,Truck,Nissan,Model D
2984,Car,Honda,Model A
2985,Car,Chevrolet,Model A
2986,Van,Nissan,Model A
2987,SUV,Hyundai,Model A
2988,Motorcycle,Nissan,Model C
2989,Car,Ford,Model E
2990,Pickup,Mercedes,Model E
2991,Car,Nissan,Model A
2992,Bus,BMW,Model C
2993,Bus,Toyota,Model C
2994,Car,Honda,Model A
2995,SUV,Hyundai,Model B
2996,Van,Hyundai,Model A
2997,Car,Hyundai,Model B
2998,Truck,BMW,Model A
2999,Motorcycle,Hyundai,Model B
3000,Van,Hyundai,Model B
3001,Truck,Mercedes,Model A
3002,Van,Chevrolet,Model B
3003,Truck,Toyota,Model D
3004,Motorcycle,BMW,Model E
3005,Motorcycle,Toyota,Model C
3006,Bus,Honda,Model B
3007,SUV,Mercedes,Model B
3008,Truck,Nissan,Model C
3009,Bus,Chevrolet,Model B
3010,Truck,Mercedes,Model C
3011,Bus,Toyota,Model A
3012,Motorcycle,BMW,Model D
3013,Van,Honda,Model D
3014,Pickup,Honda,Model E
3015,Bus,Mercedes,Model B
3016,Truck,Nissan,Model E
3017,Truck,BMW,Model A
3018,Pickup,Nissan,Model D
3019,SUV,Nissan,Model A
3020,Motorcycle,Hyundai,Model A
3021,Truck,BMW,Model B
3022,Car,Toyota,Model A
3023,Van,Mercedes,Model D
3024,Bus,Mercedes,Model E
3025,SUV,Hyundai,Model D
3026,Pickup,Ford,Model B
3027,Van,Mercedes,Model D
3028,Motorcycle,Honda,Model C
3029,SUV,Toyota,Model E
3030,Bus,BMW,Model C
3031,Bus,Mercedes,Model C
3032,Pickup,Toyota,Model B
3033,Car,Hyundai,Model A
3034,Pickup,Mercedes,Model C
3035,Motorcycle,BMW,Model D
3036,SUV,Chevrolet,Model A
3037,SUV,BMW,Model D
3038,Truck,BMW,Model D
3039,Car,BMW,Model A
3040,Car,Mercedes,Model A
3041,SUV,Ford,Model D
3042,SUV,BMW,Model B
3043,Van,Hyundai,Model E
3044,Van,Honda,Model E
3045,Van,Honda,Model B
3046,Car,Hyundai,Model A
3047,Truck,Toyota,Model D
3048,Bus,Ford,Model E
3049,Van,Toyota,Model D
3050,Truck,Hyundai,Model B
3051,Pickup,Honda,Model D
3052,Motorcycle,Nissan,Model B
3053,Van,Honda,Model A
3054,Pickup,Chevrolet,Model B
3055,Bus,BMW,Model B
3056,Motorcycle,Nissan,Model E
3057,Motorcycle,Honda,Model D
3058,Bus,Mercedes,Model E
3059,Van,Mercedes,Model C
3060,Car,Toyota,Model B
3061,Bus,Nissan,Model C
3062,Bus,Toyota,Model E
3063,Bus,BMW,Model D
3064,Motorcycle,BMW,Model E
3065,Truck,Chevrolet,Model D
3066,Pickup,Hyundai,Model D
3067,Car,Hyundai,Model A
3068,Van,Ford,Model B
3069,Van,Toyota,Model E
3070,Pickup,BMW,Model D
3071,Truck,Hyundai,Model E
3072,Bus,Toyota,Model E
3073,Car,BMW,Model D
3074,Van,Honda,Model C
3075,Pickup,Toyota,Model B
3076,SUV,Honda,Model B
3077,Pickup,Toyota,Model A
3078,Van,Ford,Model A
3079,Bus,Chevrolet,Model A
3080,SUV,Mercedes,Model B
3081,Truck,Hyundai,Model C
3082,Car,Mercedes,Model B
3083,Truck,Mercedes,Model B
3084,Truck,Honda,Model B
3085,Pickup,Nissan,Model B
3086,Car,BMW,Model C
3087,Car,Mercedes,Model A
3088,Van,Ford,Model E
3089,Van,Mercedes,Model A
3090,Car,Toyota,Model A
3091,SUV,Honda,Model E
3092,Motorcycle,Nissan,Model B
3093,Van,Toyota,Model C
3094,Motorcycle,Nissan,Model C
3095,Pickup,Toyota,Model A
3096,SUV,Toyota,Model E
3097,Car,Hyundai,Model D
3098,SUV,Chevrolet,Model B
3099,Van,Chevrolet,Model A
3100,Truck,BMW,Model C
4607,Pickup,Honda,Model E
3205,Car,Ford,Model E
4504,Bus,Ford,Model A
4428,Pickup,Ford,Model D
5757,Motorcycle,Hyundai,Model C
4084,SUV,Toyota,Model A
5920,Car,Chevrolet,Model D
5678,Pickup,Honda,Model E
4685,SUV,Toyota,Model B
3649,Car,Nissan,Model C
5407,Van,Chevrolet,Model C
6009,Pickup,Chevrolet,Model D
5687,Van,Mercedes,Model A
3440,Pickup,Mercedes,Model E
4915,Van,Hyundai,Model D
3570,SUV,Honda,Model B
4331,Bus,Nissan,Model B
5206,Pickup,Honda,Model B
4594,Pickup,Honda,Model D
4273,Van,Hyundai,Model E
3405,Car,Hyundai,Model C
5391,Pickup,Toyota,Model A
4019,Van,BMW,Model C
5657,Truck,Hyundai,Model E
4514,Van,Honda,Model C
3758,SUV,Mercedes,Model D
5925,Bus,BMW,Model B
4382,Truck,Toyota,Model E
3637,SUV,BMW,Model E
5815,SUV,Ford,Model C
4604,SUV,Nissan,Model D
3688,Car,BMW,Model C
3353,SUV,Honda,Model C
4957,Car,Toyota,Model E
5840,SUV,Nissan,Model C
5270,Motorcycle,Honda,Model B
5743,Truck,Nissan,Model C
5151,Motorcycle,Mercedes,Model B
3772,SUV,Ford,Model E
4716,Truck,Mercedes,Model D
5763,Truck,Honda,Model B
4384,Pickup,Honda,Model D
3495,Bus,Honda,Model D
3375,Motorcycle,Chevrolet,Model B
5600,Bus,Ford,Model E
6008,Truck,Nissan,Model A
3858,Car,Hyundai,Model D
3480,Truck,Honda,Model D
4327,Bus,Honda,Model E
4633,Motorcycle,Nissan,Model E
5113,SUV,Hyundai,Model C
4310,Pickup,Mercedes,Model E
6011,Pickup,Mercedes,Model D
4312,Pickup,Honda,Model B
4410,SUV,Toyota,Model A
3711,Pickup,Chevrolet,Model C
3346,Motorcycle,Mercedes,Model B
3938,SUV,Toyota,Model A
3266,Pickup,Chevrolet,Model A
5824,SUV,Honda,Model A
