location_key,road_conditions,weather_conditions
101,Wet,snow
102,Dry,Windy
103,dry,Clear
104,Dry,windy
105,DRY,Clear
106,ICY,Fog
107,dry,Snow
108,Wet,sunny
109,WET,Clear
110,DRY,Fog
111,wet,Rain
112,Wet,Fog
113,WET,Storm
114,Icy,Storm
115,DRY,clear
116,ICY,cloudy
117,Dry,Clear
118,ICY,snow
119,Dry,windy
120,ICY,snow
121,Wet,rain
122,muddy,Windy
123,icy,Snow
124,WET,sunny
125,Wet,Cloudy
126,Icy,Clear
127,Muddy,Snow
128,Dry,Snow
129,Wet,Rain
130,icy,Cloudy
131,Dry,Windy
132,WET,Rain
133,Wet,snow
134,dry,fog
135,ICY,storm
136,Dry,Rain
137,DRY,Snow
138,WET,Windy
139,Wet,Rain
140,dry,windy
141,Dry,clear
142,WET,Rain
143,dry,snow
144,icy,Clear
145,Wet,fog
146,Dry,Cloudy
147,wet,cloudy
148,icy,fog
149,ICY,sunny
150,wet,Fog
151,WET,Cloudy
152,wet,windy
153,dry,Cloudy
154,DRY,sunny
155,Icy,sunny
156,Wet,Clear
157,dry,windy
158,Dry,Storm
159,Dry,cloudy
160,Muddy,snow
161,DRY,snow
162,Icy,Windy
163,icy,sunny
164,ICY,sunny
165,ICY,Sunny
166,muddy,fog
167,icy,clear
168,WET,Clear
169,DRY,Clear
170,DRY,Cloudy
171,Muddy,Storm
172,wet,sunny
173,WET,Storm
174,Dry,Fog
175,dry,cloudy
176,Wet,Storm
177,ICY,rain
178,Dry,rain
179,icy,Sunny
180,dry,rain
181,muddy,rain
182,dry,clear
183,Muddy,clear
184,DRY,clear
185,Icy,Windy
186,WET,Sunny
187,wet,clear
188,DRY,windy
189,DRY,Fog
190,DRY,Sunny
191,Icy,cloudy
192,Wet,Windy
193,icy,Sunny
194,Muddy,sunny
195,Wet,Sunny
196,ICY,fog
197,dry,Storm
198,Icy,fog
199,WET,Snow
200,Dry,Fog
201,Dry,rain
202,Dry,Windy
203,wet,windy
204,DRY,cloudy
205,DRY,sunny
206,DRY,Storm
207,Wet,storm
208,wet,rain
209,icy,sunny
210,muddy,Fog
211,Muddy,storm
212,Dry,snow
213,Wet,cloudy
214,Wet,sunny
215,Dry,Windy
216,WET,windy
217,Muddy,windy
218,WET,Fog
219,muddy,sunny
220,WET,sunny
221,Wet,fog
222,wet,Clear
223,Dry,Sunny
224,Dry,storm
225,muddy,Snow
226,wet,Storm
227,Muddy,fog
228,dry,Snow
229,ICY,Clear
230,ICY,Clear
231,Wet,Sunny
232,Muddy,fog
233,muddy,sunny
234,wet,Clear
235,Muddy,clear
236,Dry,Cloudy
237,icy,Snow
238,dry,Fog
239,muddy,storm
240,Wet,rain
241,icy,Rain
242,Icy,Clear
243,Dry,Fog
244,wet,Fog
245,Muddy,Storm
246,Muddy,snow
247,ICY,storm
248,Dry,snow
249,Muddy,Windy
250,wet,Clear
251,muddy,storm
252,Muddy,sunny
253,WET,clear
254,DRY,sunny
255,Muddy,Rain
256,ICY,storm
257,WET,Storm
258,muddy,Snow
259,dry,Fog
260,muddy,cloudy
261,Wet,Sunny
262,dry,Fog
263,WET,Cloudy
264,Muddy,rain
265,WET,rain
266,muddy,Cloudy
267,Wet,snow
268,DRY,Rain
269,DRY,Rain
270,Muddy,cloudy
271,ICY,snow
272,wet,sunny
273,Wet,Snow
274,DRY,Snow
275,DRY,sunny
276,Wet,Clear
277,Icy,Cloudy
278,dry,sunny
279,WET,Snow
280,wet,fog
281,Dry,clear
282,WET,Cloudy
283,WET,fog
284,Muddy,Clear
285,wet,storm
286,dry,storm
287,dry,windy
288,Icy,Storm
289,icy,clear
290,DRY,Sunny
291,Icy,Cloudy
292,dry,Cloudy
293,ICY,Fog
294,muddy,cloudy
295,Muddy,Rain
296,Muddy,Storm
297,wet,clear
298,Muddy,clear
299,Muddy,Clear
300,Wet,Sunny
301,Muddy,Rain
302,WET,Storm
303,Dry,sunny
304,Wet,windy
305,wet,Windy
306,Icy,windy
307,DRY,snow
308,muddy,Fog
309,Icy,Fog
310,Dry,Storm
311,dry,Storm
312,WET,clear
313,Dry,Storm
314,ICY,clear
315,WET,Cloudy
316,ICY,storm
317,Icy,Clear
318,Wet,rain
319,Wet,clear
320,DRY,sunny
321,Dry,Cloudy
322,Icy,Clear
323,muddy,storm
324,muddy,Clear
325,muddy,sunny
326,Dry,Snow
327,muddy,rain
328,muddy,sunny
329,muddy,Sunny
330,wet,clear
331,Wet,Snow
332,ICY,Rain
333,Wet,clear
334,dry,sunny
335,icy,cloudy
336,muddy,rain
337,Muddy,Cloudy
338,Muddy,clear
339,ICY,windy
340,Muddy,Cloudy
341,ICY,Snow
342,Muddy,windy
343,WET,Windy
344,Icy,Clear
345,Wet,storm
346,Wet,cloudy
347,WET,Cloudy
348,Dry,sunny
349,ICY,rain
350,ICY,Cloudy
351,muddy,Sunny
352,Muddy,Rain
353,wet,snow
354,muddy,storm
355,ICY,storm
356,Dry,storm
357,Wet,Sunny
358,ICY,sunny
359,DRY,Sunny
360,wet,Rain
361,wet,Sunny
362,ICY,fog
363,Icy,rain
364,Icy,sunny
365,Wet,Fog
366,WET,rain
367,icy,Storm
368,ICY,rain
369,ICY,Cloudy
370,dry,Sunny
371,Muddy,Fog
372,WET,Rain
373,ICY,Fog
374,icy,sunny
375,WET,cloudy
376,Dry,snow
377,ICY,snow
378,Icy,Sunny
379,Dry,fog
380,Dry,sunny
381,wet,storm
382,ICY,sunny
383,Dry,Rain
384,DRY,Rain
385,WET,Windy
386,icy,Storm
387,WET,storm
388,muddy,sunny
389,Wet,Windy
390,Icy,storm
391,dry,snow
392,DRY,snow
393,Muddy,sunny
394,Wet,rain
395,wet,Storm
396,Muddy,rain
397,DRY,rain
398,Wet,windy
399,muddy,storm
400,muddy,Snow
401,Wet,Fog
402,Icy,Cloudy
403,ICY,Storm
404,WET,sunny
405,muddy,Storm
406,Muddy,Windy
407,wet,Cloudy
408,Icy,snow
409,Muddy,storm
410,muddy,clear
411,DRY,Cloudy
412,ICY,Sunny
413,ICY,Snow
414,Icy,rain
415,WET,Clear
416,DRY,sunny
417,Muddy,rain
418,muddy,snow
419,WET,Clear
420,muddy,Cloudy
421,muddy,snow
422,Dry,fog
423,wet,sunny
424,Dry,Windy
425,Muddy,Snow
426,icy,windy
427,dry,Fog
428,Wet,Sunny
429,wet,Storm
430,Wet,windy
431,Muddy,windy
432,DRY,Storm
433,Wet,Cloudy
434,icy,Rain
435,DRY,storm
436,Dry,fog
437,WET,sunny
438,ICY,Sunny
439,muddy,Cloudy
440,dry,cloudy
441,Icy,snow
442,WET,Snow
443,wet,Clear
444,muddy,Windy
445,ICY,Windy
446,ICY,storm
447,dry,Cloudy
448,icy,Windy
449,DRY,Cloudy
450,icy,fog
451,Wet,storm
452,WET,snow
453,Muddy,clear
454,muddy,fog
455,muddy,windy
456,muddy,sunny
457,DRY,Sunny
458,Icy,Clear
459,wet,Storm
460,muddy,Storm
461,Dry,fog
462,Muddy,Storm
463,DRY,Storm
464,muddy,sunny
465,wet,fog
466,Muddy,Cloudy
467,DRY,Clear
468,DRY,Fog
469,ICY,Windy
470,dry,rain
471,wet,clear
472,Muddy,sunny
473,DRY,Fog
474,Dry,Fog
475,wet,snow
476,WET,cloudy
477,ICY,storm
478,wet,Sunny
479,Icy,Windy
480,Wet,clear
481,WET,Clear
482,Dry,Sunny
483,Icy,Windy
484,ICY,cloudy
485,icy,windy
486,Wet,Clear
487,DRY,storm
488,Icy,storm
489,Icy,clear
490,icy,Snow
491,Muddy,Windy
492,dry,Storm
493,muddy,windy
494,DRY,Sunny
495,wet,Sunny
496,ICY,Windy
497,ICY,clear
498,Icy,windy
499,Dry,cloudy
500,ICY,fog
501,Muddy,clear
502,dry,Storm
503,wet,cloudy
504,ICY,Snow
505,DRY,rain
506,ICY,clear
507,ICY,Cloudy
508,dry,storm
509,Muddy,Windy
510,Dry,snow
511,DRY,clear
512,Icy,Windy
513,wet,Fog
514,DRY,rain
515,WET,Storm
516,Icy,Cloudy
517,ICY,Storm
518,WET,clear
519,Muddy,Sunny
520,Muddy,cloudy
521,Wet,clear
522,DRY,Fog
523,Dry,Sunny
524,Muddy,sunny
525,Wet,Storm
526,Wet,Sunny
527,wet,Fog
528,Wet,sunny
529,dry,Cloudy
530,Wet,Rain
531,Muddy,sunny
532,dry,Storm
533,icy,Clear
534,muddy,Windy
535,Muddy,Rain
536,muddy,Storm
537,Icy,Storm
538,dry,clear
539,DRY,Rain
540,Wet,Sunny
541,dry,sunny
542,dry,cloudy
543,WET,cloudy
544,DRY,fog
545,Dry,Cloudy
546,icy,snow
547,Icy,Sunny
548,dry,rain
549,Dry,Rain
550,wet,Fog
551,icy,windy
552,ICY,clear
553,ICY,snow
554,Wet,windy
555,DRY,cloudy
556,icy,Cloudy
557,Dry,fog
558,Icy,storm
559,icy,snow
560,wet,Sunny
561,wet,Clear
562,WET,Windy
563,Icy,fog
564,wet,Sunny
565,Wet,Rain
566,Muddy,Sunny
567,Wet,rain
568,DRY,Rain
569,icy,fog
570,muddy,Storm
571,Dry,Storm
572,dry,Cloudy
573,wet,fog
574,wet,rain
575,Dry,Sunny
576,Muddy,fog
577,DRY,Storm
578,DRY,clear
579,Wet,Cloudy
580,WET,cloudy
581,WET,rain
582,Wet,Windy
583,ICY,clear
584,Icy,storm
585,wet,Windy
586,Muddy,Rain
587,ICY,windy
588,Muddy,Sunny
589,ICY,Cloudy
590,muddy,windy
591,Dry,sunny
592,ICY,storm
593,ICY,Rain
594,Dry,Sunny
595,DRY,Cloudy
596,WET,rain
597,ICY,storm
598,Icy,fog
599,Wet,Cloudy
600,wet,Rain
601,Wet,snow
602,WET,cloudy
603,wet,clear
604,DRY,clear
605,ICY,cloudy
606,Wet,Clear
607,dry,Rain
608,icy,Storm
609,Muddy,windy
610,Icy,cloudy
611,DRY,Fog
612,muddy,storm
613,DRY,Storm
614,wet,fog
615,ICY,sunny
616,DRY,clear
617,Muddy,Rain
618,muddy,Storm
619,ICY,Clear
620,Muddy,Clear
621,dry,Cloudy
622,Muddy,Fog
623,DRY,fog
624,Muddy,storm
625,ICY,windy
626,WET,Clear
627,wet,Fog
628,ICY,storm
629,DRY,sunny
630,Muddy,sunny
631,wet,sunny
632,Wet,Cloudy
633,icy,Sunny
634,icy,Fog
635,Muddy,snow
636,wet,rain
637,icy,clear
638,muddy,Windy
639,Dry,Sunny
640,Wet,cloudy
641,Wet,windy
642,Muddy,clear
643,Icy,windy
644,Muddy,Storm
645,muddy,clear
646,Icy,clear
647,Dry,Fog
648,muddy,fog
649,WET,snow
650,icy,storm
651,dry,Fog
652,DRY,sunny
653,Dry,Cloudy
654,icy,snow
655,Wet,snow
656,Wet,Fog
657,WET,Sunny
658,Wet,windy
659,DRY,Snow
660,muddy,Clear
661,Dry,clear
662,dry,Fog
663,Muddy,fog
664,ICY,rain
665,ICY,Cloudy
666,DRY,sunny
667,dry,Rain
668,DRY,Sunny
669,icy,snow
670,dry,Storm
671,DRY,Clear
672,muddy,sunny
673,Icy,Snow
674,Wet,Snow
675,ICY,windy
676,Muddy,snow
677,wet,Clear
678,icy,Windy
679,icy,windy
680,Muddy,sunny
681,Dry,storm
682,DRY,cloudy
683,WET,snow
684,Dry,fog
685,Dry,Fog
686,Dry,Fog
687,Muddy,Fog
688,muddy,sunny
689,muddy,sunny
690,Muddy,clear
691,wet,sunny
692,Icy,fog
693,wet,Clear
694,ICY,Fog
695,Muddy,Cloudy
696,wet,Storm
697,Icy,Cloudy
698,Dry,Fog
699,wet,windy
700,DRY,fog
701,DRY,Snow
702,muddy,Windy
703,wet,Snow
704,ICY,Rain
705,Muddy,Fog
706,DRY,Rain
707,DRY,Rain
708,WET,fog
709,DRY,clear
710,Dry,Snow
711,icy,cloudy
712,DRY,Windy
713,wet,Windy
714,Icy,clear
715,Dry,cloudy
716,wet,windy
717,icy,snow
718,DRY,fog
719,icy,rain
720,WET,fog
721,WET,Clear
722,icy,clear
723,ICY,Windy
724,Dry,clear
725,Muddy,Cloudy
726,WET,Windy
727,wet,Cloudy
728,icy,fog
729,dry,clear
730,dry,Windy
731,ICY,rain
732,Muddy,cloudy
733,Dry,clear
734,DRY,rain
735,Icy,Rain
736,dry,Fog
737,icy,snow
738,wet,windy
739,DRY,Sunny
740,DRY,snow
741,Icy,rain
742,muddy,Cloudy
743,Icy,rain
744,DRY,storm
745,icy,Snow
746,wet,Snow
747,Dry,rain
748,Wet,snow
749,DRY,sunny
750,muddy,storm
751,icy,Rain
752,Muddy,windy
753,Muddy,sunny
754,icy,Snow
755,dry,fog
756,Dry,sunny
757,Dry,windy
758,muddy,windy
759,DRY,rain
760,Icy,Sunny
761,Icy,clear
762,Wet,storm
763,Icy,sunny
764,Icy,Fog
765,wet,Snow
766,Icy,Fog
767,WET,sunny
768,DRY,Cloudy
769,WET,Windy
770,muddy,clear
771,WET,storm
772,wet,Fog
773,DRY,rain
774,Icy,Fog
775,icy,snow
776,Muddy,windy
777,Wet,Rain
778,DRY,Cloudy
779,Dry,Cloudy
780,Wet,fog
781,Wet,storm
782,Icy,windy
783,wet,rain
784,Wet,clear
785,Wet,cloudy
786,icy,Storm
787,ICY,windy
788,wet,Snow
789,ICY,windy
790,ICY,Windy
791,muddy,Storm
792,DRY,sunny
793,Dry,Storm
794,Dry,Snow
795,ICY,clear
796,Dry,snow
797,Wet,rain
798,WET,Storm
799,Muddy,Clear
800,ICY,cloudy
801,DRY,Storm
802,WET,storm
803,WET,cloudy
804,ICY,Fog
805,Icy,Rain
806,dry,Sunny
807,Wet,Rain
808,Icy,Cloudy
809,Muddy,Rain
810,Muddy,Fog
811,icy,windy
812,WET,snow
813,Dry,Sunny
814,wet,snow
815,WET,Fog
816,Icy,sunny
817,DRY,Cloudy
818,wet,Snow
819,Icy,storm
820,muddy,clear
821,DRY,clear
822,Wet,sunny
823,Icy,clear
824,Wet,Storm
825,Icy,cloudy
826,Dry,clear
827,dry,Windy
828,ICY,fog
829,wet,Windy
830,dry,sunny
831,WET,fog
832,icy,windy
833,dry,Fog
834,DRY,fog
835,icy,Clear
836,Muddy,Cloudy
837,DRY,Rain
838,ICY,sunny
839,Dry,Clear
840,WET,Snow
841,ICY,Windy
842,icy,Windy
843,muddy,Snow
844,Icy,Clear
845,icy,clear
846,wet,rain
847,ICY,Windy
848,Icy,Snow
849,wet,Windy
850,Icy,Sunny
851,Wet,Fog
852,muddy,clear
853,ICY,cloudy
854,dry,Fog
855,ICY,Cloudy
856,icy,cloudy
857,wet,rain
858,icy,storm
859,wet,windy
860,Dry,sunny
861,Dry,Storm
862,muddy,Cloudy
863,DRY,Snow
864,wet,sunny
865,wet,rain
866,muddy,Sunny
867,icy,rain
868,wet,Fog
869,muddy,storm
870,WET,Cloudy
871,icy,Snow
872,Icy,snow
873,dry,windy
874,Wet,Snow
875,Wet,cloudy
876,Icy,Fog
877,dry,Sunny
878,Icy,Sunny
879,WET,sunny
880,wet,Cloudy
881,ICY,Windy
882,Muddy,Windy
883,WET,Rain
884,muddy,fog
885,Muddy,Fog
886,Wet,Clear
887,WET,storm
888,WET,storm
889,DRY,rain
890,dry,snow
891,dry,fog
892,muddy,Snow
893,wet,Fog
894,muddy,Sunny
895,muddy,Windy
896,muddy,Sunny
897,Icy,Fog
898,WET,rain
899,Icy,Clear
900,Dry,Storm
901,dry,Sunny
902,ICY,Cloudy
903,ICY,Cloudy
904,DRY,snow
905,muddy,Snow
906,Icy,Sunny
907,Wet,snow
908,WET,Clear
909,icy,windy
910,Dry,clear
911,muddy,Clear
912,ICY,Fog
913,Dry,fog
914,Wet,Cloudy
915,Muddy,snow
916,DRY,storm
917,dry,Rain
918,Dry,Rain
919,wet,Fog
920,icy,Cloudy
921,muddy,Cloudy
922,dry,Rain
923,Dry,clear
924,DRY,Fog
925,Muddy,Rain
926,dry,Clear
927,icy,clear
928,ICY,rain
929,ICY,Windy
930,Icy,rain
931,wet,Storm
932,Muddy,Snow
933,dry,Fog
934,icy,windy
935,dry,rain
936,wet,Storm
937,Dry,Storm
938,Dry,Clear
939,muddy,Windy
940,Wet,Snow
941,ICY,rain
942,Wet,fog
943,DRY,Storm
944,WET,snow
945,WET,rain
946,ICY,fog
947,wet,snow
948,ICY,Rain
949,Wet,Sunny
950,DRY,Fog
951,icy,Fog
952,Icy,storm
953,wet,Snow
954,wet,fog
955,wet,clear
956,muddy,Windy
957,icy,snow
958,wet,Snow
959,wet,Fog
960,DRY,Storm
961,Dry,Storm
962,ICY,snow
963,dry,windy
964,ICY,sunny
965,icy,fog
966,Wet,fog
967,WET,Cloudy
968,Muddy,Cloudy
969,Muddy,Storm
970,dry,clear
971,WET,snow
972,ICY,Storm
973,Wet,Rain
974,Dry,Clear
975,muddy,snow
976,muddy,windy
977,muddy,windy
978,muddy,sunny
979,icy,Windy
980,dry,Sunny
981,muddy,sunny
982,Muddy,storm
983,Wet,Storm
984,Icy,storm
985,ICY,Sunny
986,WET,Fog
987,ICY,snow
988,ICY,clear
989,muddy,sunny
990,wet,Snow
991,ICY,Storm
992,DRY,cloudy
993,Muddy,cloudy
994,Muddy,Snow
995,Muddy,storm
996,DRY,Snow
997,Muddy,Rain
998,ICY,Cloudy
999,ICY,Windy
1000,Icy,Fog
1001,Muddy,rain
1002,Dry,Fog
1003,wet,clear
1004,icy,storm
1005,WET,cloudy
1006,Muddy,Rain
1007,Icy,fog
1008,WET,Cloudy
1009,Wet,Rain
1010,wet,rain
1011,WET,Sunny
1012,muddy,Clear
1013,Icy,windy
1014,wet,rain
1015,DRY,Sunny
1016,dry,cloudy
1017,Dry,Clear
1018,Wet,windy
1019,Muddy,storm
1020,ICY,rain
1021,DRY,storm
1022,wet,Clear
1023,Icy,Cloudy
1024,wet,cloudy
1025,Icy,cloudy
1026,dry,cloudy
1027,ICY,Windy
1028,muddy,Cloudy
1029,dry,snow
1030,Muddy,Fog
1031,WET,rain
1032,Icy,Sunny
1033,ICY,storm
1034,dry,Rain
1035,dry,storm
1036,Muddy,windy
1037,Wet,Storm
1038,Icy,cloudy
1039,Wet,Sunny
1040,muddy,sunny
1041,muddy,sunny
1042,ICY,cloudy
1043,WET,Windy
1044,Dry,cloudy
1045,DRY,Fog
1046,Icy,fog
1047,Muddy,Cloudy
1048,dry,snow
1049,Icy,Fog
1050,ICY,Windy
1051,ICY,Clear
1052,Dry,windy
1053,Muddy,Cloudy
1054,ICY,Windy
1055,dry,cloudy
1056,Icy,rain
1057,Icy,Sunny
1058,Wet,storm
1059,Dry,Cloudy
1060,Wet,Cloudy
1061,Dry,Storm
1062,Icy,cloudy
1063,dry,Rain
1064,Icy,rain
1065,Dry,clear
1066,Dry,rain
1067,Wet,Snow
1068,ICY,windy
1069,DRY,rain
1070,WET,windy
1071,DRY,Windy
1072,DRY,fog
1073,Wet,snow
1074,Dry,snow
1075,Dry,rain
1076,ICY,Storm
1077,muddy,clear
1078,Muddy,windy
1079,muddy,Windy
1080,ICY,Sunny
1081,muddy,cloudy
1082,WET,Cloudy
1083,DRY,snow
1084,Wet,Sunny
1085,Dry,Sunny
1086,ICY,Cloudy
1087,Wet,fog
1088,wet,rain
1089,dry,storm
1090,icy,Sunny
1091,DRY,sunny
1092,Wet,Clear
1093,wet,Storm
1094,Dry,Clear
1095,dry,fog
1096,ICY,cloudy
1097,wet,sunny
1098,icy,Rain
1099,muddy,cloudy
1100,dry,Snow
1101,muddy,sunny
1102,Wet,snow
1103,Muddy,Snow
1104,ICY,Rain
1105,Dry,fog
1106,WET,Windy
1107,wet,Windy
1108,DRY,Clear
1109,ICY,Sunny
1110,muddy,cloudy
1111,Icy,cloudy
1112,dry,Snow
1113,icy,Sunny
1114,wet,Rain
1115,DRY,windy
1116,Muddy,cloudy
1117,icy,Cloudy
1118,muddy,rain
1119,Wet,sunny
1120,Dry,cloudy
1121,Dry,fog
1122,dry,snow
1123,Dry,Snow
1124,WET,Rain
1125,DRY,windy
1126,Icy,clear
1127,Dry,Cloudy
1128,icy,Clear
1129,wet,Clear
1130,icy,cloudy
1131,Muddy,Windy
1132,DRY,Sunny
1133,WET,windy
1134,Wet,Clear
1135,icy,Storm
1136,Dry,cloudy
1137,Dry,storm
1138,DRY,rain
1139,DRY,sunny
1140,muddy,sunny
1141,DRY,fog
1142,DRY,Snow
1143,wet,windy
1144,Wet,clear
1145,Wet,Clear
1146,Dry,sunny
1147,muddy,clear
1148,DRY,Sunny
1149,icy,cloudy
1150,wet,rain
1151,Wet,sunny
1152,Wet,storm
1153,dry,Cloudy
1154,wet,Cloudy
1155,Dry,Rain
1156,WET,Rain
1157,ICY,rain
1158,icy,clear
1159,Wet,Storm
1160,DRY,storm
1161,Muddy,Cloudy
1162,Muddy,Storm
1163,wet,rain
1164,Muddy,Rain
1165,WET,windy
1166,Dry,Sunny
1167,ICY,Clear
1168,Muddy,Storm
1169,Dry,Windy
1170,icy,sunny
1171,ICY,Rain
1172,dry,Clear
1173,DRY,Rain
1174,DRY,Rain
1175,ICY,Fog
1176,dry,snow
1177,wet,Storm
1178,ICY,storm
1179,Icy,Clear
1180,DRY,Snow
1181,ICY,fog
1182,Muddy,rain
1183,Muddy,storm
1184,Muddy,Sunny
1185,DRY,Sunny
1186,Icy,Fog
1187,DRY,Windy
1188,Muddy,windy
1189,WET,Fog
1190,Dry,Sunny
1191,ICY,Rain
1192,dry,Cloudy
1193,ICY,windy
1194,DRY,snow
1195,ICY,Clear
1196,ICY,Fog
1197,ICY,Sunny
1198,muddy,Sunny
1199,Muddy,Windy
1200,Wet,rain
1201,WET,Windy
1202,ICY,Snow
1203,muddy,rain
1204,muddy,Rain
1205,muddy,Windy
1206,WET,sunny
1207,Muddy,sunny
1208,Wet,Snow
1209,icy,Cloudy
1210,Dry,rain
1211,icy,Storm
1212,Muddy,Rain
1213,DRY,windy
1214,Icy,Snow
1215,icy,Storm
1216,WET,windy
1217,Wet,Clear
1218,Muddy,sunny
1219,WET,Cloudy
1220,DRY,Sunny
1221,Dry,cloudy
1222,Muddy,Fog
1223,dry,cloudy
1224,Icy,storm
1225,Dry,Cloudy
1226,Wet,windy
1227,Icy,Cloudy
1228,DRY,sunny
1229,icy,Snow
1230,WET,windy
1231,muddy,Sunny
1232,ICY,Windy
1233,Muddy,cloudy
1234,ICY,clear
1235,Icy,snow
1236,DRY,storm
1237,Dry,Rain
1238,wet,Clear
1239,Wet,snow
1240,ICY,clear
1241,Dry,clear
1242,Muddy,Clear
1243,icy,sunny
1244,Icy,fog
1245,Wet,Clear
1246,WET,Snow
1247,icy,Storm
1248,icy,Sunny
1249,ICY,Clear
1250,icy,Fog
1251,Wet,sunny
1252,WET,rain
1253,WET,cloudy
1254,WET,Snow
1255,wet,Clear
1256,Wet,Sunny
1257,muddy,cloudy
1258,Icy,clear
1259,WET,Windy
1260,wet,windy
1261,DRY,sunny
1262,Muddy,Storm
1263,Icy,Sunny
1264,Wet,rain
1265,Wet,sunny
1266,ICY,storm
1267,muddy,fog
1268,muddy,Fog
1269,ICY,Cloudy
1270,Icy,snow
1271,wet,Clear
1272,Wet,windy
1273,Muddy,storm
1274,Muddy,Snow
1275,DRY,Windy
1276,Icy,clear
1277,DRY,Sunny
1278,wet,Clear
1279,Icy,cloudy
1280,Icy,fog
1281,Icy,fog
1282,Muddy,fog
1283,WET,Cloudy
1284,icy,Storm
1285,ICY,Rain
1286,Muddy,Clear
1287,Wet,Cloudy
1288,WET,Cloudy
1289,Dry,Cloudy
1290,wet,Fog
1291,icy,Snow
1292,wet,sunny
1293,Icy,storm
1294,Wet,Storm
1295,ICY,clear
1296,icy,storm
1297,muddy,cloudy
1298,wet,windy
1299,icy,storm
1300,WET,storm
1301,Dry,Clear
1302,icy,rain
1303,DRY,Windy
1304,ICY,Storm
1305,Icy,Rain
1306,Dry,Sunny
1307,Muddy,cloudy
1308,Icy,clear
1309,Icy,Windy
1310,icy,cloudy
1311,WET,Sunny
1312,Dry,snow
1313,Muddy,Windy
1314,Dry,Snow
1315,Dry,Cloudy
1316,Wet,Rain
1317,muddy,windy
1318,DRY,clear
1319,dry,Clear
1320,icy,Snow
1321,DRY,storm
1322,wet,clear
1323,Dry,Rain
1324,WET,Rain
1325,Icy,Storm
1326,dry,rain
1327,Icy,Storm
1328,wet,Clear
1329,WET,rain
1330,Icy,Fog
1331,ICY,snow
1332,Icy,cloudy
1333,ICY,cloudy
1334,Muddy,storm
1335,icy,cloudy
1336,wet,Windy
1337,Dry,Rain
1338,Dry,sunny
1339,Wet,Cloudy
1340,WET,snow
1341,ICY,storm
1342,muddy,Fog
1343,ICY,cloudy
1344,Icy,storm
1345,Icy,sunny
1346,wet,Clear
1347,WET,Sunny
1348,dry,sunny
1349,Wet,Snow
1350,Icy,sunny
1351,DRY,rain
1352,Wet,windy
1353,DRY,Clear
1354,ICY,Sunny
1355,icy,fog
1356,Dry,Fog
1357,WET,Sunny
1358,Wet,rain
1359,Dry,rain
1360,icy,Sunny
1361,ICY,Rain
1362,muddy,Sunny
1363,Dry,Sunny
1364,Wet,Storm
1365,Wet,snow
1366,Muddy,clear
1367,icy,Storm
1368,Dry,Windy
1369,Muddy,snow
1370,Icy,Cloudy
1371,WET,Sunny
1372,Wet,Sunny
1373,muddy,Snow
1374,Wet,Cloudy
1375,icy,cloudy
1376,Icy,Cloudy
1377,DRY,Storm
1378,Wet,Sunny
1379,Dry,Sunny
1380,icy,Snow
1381,dry,Storm
1382,WET,Clear
1383,Dry,snow
1384,Muddy,Clear
1385,Icy,windy
1386,dry,rain
1387,Dry,Windy
1388,Dry,Windy
1389,WET,Rain
1390,Wet,Storm
1391,DRY,Sunny
1392,Muddy,Fog
1393,icy,clear
1394,muddy,Snow
1395,Dry,storm
1396,Dry,windy
1397,WET,cloudy
1398,wet,Storm
1399,muddy,snow
1400,Wet,Rain
1401,ICY,Rain
1402,Muddy,Sunny
1403,wet,cloudy
1404,ICY,snow
1405,icy,snow
1406,wet,storm
1407,dry,Cloudy
1408,muddy,Cloudy
1409,Icy,snow
1410,Muddy,Windy
1411,ICY,Snow
1412,WET,Cloudy
1413,DRY,Snow
1414,Muddy,Fog
1415,ICY,Snow
1416,Muddy,fog
1417,dry,cloudy
1418,DRY,Fog
1419,icy,Clear
1420,Icy,clear
1421,Muddy,Clear
1422,wet,Sunny
1423,wet,rain
1424,WET,cloudy
1425,Wet,Sunny
1426,DRY,Snow
1427,Wet,fog
1428,Muddy,rain
1429,ICY,Fog
1430,Icy,snow
1431,WET,cloudy
1432,dry,storm
1433,wet,storm
1434,ICY,Sunny
1435,Wet,Windy
1436,dry,Fog
1437,Wet,Storm
1438,Dry,cloudy
1439,wet,clear
1440,icy,cloudy
1441,Dry,Storm
1442,Icy,storm
1443,icy,Windy
1444,ICY,Clear
1445,muddy,Rain
1446,Muddy,Cloudy
1447,DRY,Rain
1448,dry,Clear
1449,muddy,cloudy
1450,Icy,Sunny
1451,Wet,Clear
1452,WET,Snow
1453,wet,Clear
1454,dry,Clear
1455,icy,snow
1456,WET,Windy
1457,wet,clear
1458,ICY,Sunny
1459,dry,Clear
1460,icy,Storm
1461,Icy,Clear
1462,DRY,Rain
1463,ICY,fog
1464,Dry,Snow
1465,DRY,windy
1466,wet,cloudy
1467,ICY,Fog
1468,DRY,Clear
1469,Dry,Windy
1470,DRY,snow
1471,WET,fog
1472,dry,rain
1473,Muddy,storm
1474,ICY,clear
1475,dry,sunny
1476,wet,snow
1477,wet,fog
1478,ICY,Windy
1479,ICY,Sunny
1480,dry,Sunny
1481,ICY,clear
1482,wet,Snow
1483,Icy,sunny
1484,icy,Cloudy
1485,dry,Clear
1486,DRY,Fog
1487,muddy,Cloudy
1488,wet,Cloudy
1489,DRY,storm
1490,Icy,Snow
1491,ICY,sunny
1492,Dry,Fog
1493,icy,fog
1494,icy,Sunny
1495,Dry,clear
1496,WET,Storm
1497,WET,Cloudy
1498,wet,Rain
1499,Dry,Rain
1500,DRY,Windy
1501,icy,sunny
1502,WET,snow
1503,Muddy,Rain
1504,icy,cloudy
1505,icy,storm
1506,Wet,storm
1507,icy,Sunny
1508,DRY,Rain
1509,Icy,Snow
1510,dry,Clear
1511,Muddy,snow
1512,Icy,Clear
1513,Dry,Windy
1514,Muddy,Snow
1515,Dry,Sunny
1516,ICY,Snow
1517,icy,sunny
1518,icy,rain
1519,Wet,Clear
1520,Dry,storm
1521,WET,Snow
1522,muddy,fog
1523,wet,Snow
1524,Dry,Clear
1525,muddy,Sunny
1526,Muddy,cloudy
1527,Wet,fog
1528,dry,Sunny
1529,Wet,windy
1530,Wet,storm
1531,Wet,storm
1532,WET,Fog
1533,ICY,snow
1534,DRY,cloudy
1535,Wet,clear
1536,Muddy,Storm
1537,muddy,Rain
1538,Dry,clear
1539,Icy,sunny
1540,icy,Clear
1541,wet,Windy
1542,WET,storm
1543,muddy,snow
1544,DRY,clear
1545,Dry,Storm
1546,muddy,Sunny
1547,Icy,Cloudy
1548,Icy,Snow
1549,muddy,Fog
1550,Dry,snow
1551,DRY,Sunny
1552,Muddy,fog
1553,icy,windy
1554,dry,rain
1555,icy,clear
1556,wet,windy
1557,Wet,Clear
1558,muddy,cloudy
1559,Icy,snow
1560,Dry,fog
1561,Wet,storm
1562,muddy,Snow
1563,Icy,windy
1564,Icy,storm
1565,WET,sunny
1566,icy,sunny
1567,Muddy,Fog
1568,icy,Cloudy
1569,Dry,Clear
1570,Dry,Windy
1571,Icy,sunny
1572,DRY,Storm
1573,Dry,Windy
1574,Wet,Sunny
1575,icy,Storm
1576,Wet,storm
1577,icy,Storm
1578,dry,fog
1579,Icy,Storm
1580,icy,Clear
1581,muddy,Clear
1582,muddy,cloudy
1583,muddy,Snow
1584,Muddy,Windy
1585,wet,storm
1586,WET,Windy
1587,muddy,cloudy
1588,Muddy,clear
1589,icy,windy
1590,Dry,Windy
1591,WET,Snow
1592,wet,sunny
1593,Dry,Rain
1594,WET,rain
1595,Wet,fog
1596,WET,Sunny
1597,dry,Rain
1598,Icy,storm
1599,WET,Cloudy
1600,Muddy,clear
1601,ICY,windy
1602,Dry,clear
1603,icy,Clear
1604,Muddy,Clear
1605,muddy,snow
1606,icy,Fog
1607,muddy,cloudy
1608,Dry,rain
1609,dry,clear
1610,muddy,Rain
1611,Wet,clear
1612,Dry,storm
1613,Dry,Storm
1614,DRY,Clear
1615,wet,Cloudy
1616,muddy,Clear
1617,Muddy,Snow
1618,dry,Fog
1619,wet,storm
1620,Dry,cloudy
1621,dry,fog
1622,Muddy,sunny
1623,Wet,fog
1624,Dry,cloudy
1625,wet,sunny
1626,icy,Sunny
1627,Icy,Storm
1628,Dry,cloudy
1629,dry,clear
1630,DRY,Snow
1631,Dry,Cloudy
1632,ICY,Cloudy
1633,Muddy,windy
1634,wet,rain
1635,Wet,Snow
1636,Wet,Clear
1637,ICY,Windy
1638,wet,snow
1639,muddy,Sunny
1640,Muddy,storm
1641,Wet,snow
1642,dry,clear
1643,muddy,snow
1644,icy,Fog
1645,Muddy,clear
1646,Muddy,sunny
1647,Icy,Snow
1648,ICY,cloudy
1649,icy,storm
1650,icy,Sunny
1651,dry,Storm
1652,icy,Storm
1653,muddy,cloudy
1654,Muddy,Sunny
1655,icy,fog
1656,Icy,Cloudy
1657,Dry,Cloudy
1658,icy,Rain
1659,DRY,sunny
1660,Wet,Snow
1661,Dry,sunny
1662,Dry,fog
1663,DRY,clear
1664,WET,rain
1665,Muddy,cloudy
1666,Muddy,Snow
1667,Dry,sunny
1668,muddy,snow
1669,Dry,Sunny
1670,DRY,Cloudy
1671,Muddy,Storm
1672,DRY,Rain
1673,ICY,clear
1674,Dry,storm
1675,Wet,Sunny
1676,ICY,snow
1677,DRY,windy
1678,WET,Clear
1679,WET,Cloudy
1680,wet,Storm
1681,Dry,Rain
1682,dry,Rain
1683,WET,rain
1684,ICY,sunny
1685,wet,Rain
1686,muddy,rain
1687,Icy,Cloudy
1688,dry,Windy
1689,muddy,Rain
1690,dry,Snow
1691,Muddy,Snow
1692,wet,cloudy
1693,wet,Rain
1694,Muddy,Sunny
1695,icy,rain
1696,dry,clear
1697,Dry,windy
1698,Dry,Cloudy
1699,DRY,snow
1700,WET,Cloudy
1701,WET,windy
1702,DRY,Cloudy
1703,Icy,Windy
1704,icy,storm
1705,icy,Rain
1706,Dry,Cloudy
1707,dry,Storm
1708,Icy,Clear
1709,muddy,fog
1710,icy,Rain
1711,Dry,cloudy
1712,Wet,Cloudy
1713,WET,clear
1714,dry,Windy
1715,DRY,Fog
1716,icy,fog
1717,wet,Sunny
1718,Icy,Cloudy
1719,DRY,Snow
1720,Icy,rain
1721,wet,Windy
1722,Wet,Fog
1723,WET,snow
1724,ICY,Fog
1725,wet,sunny
1726,Icy,Cloudy
1727,Muddy,Sunny
1728,Dry,windy
1729,muddy,sunny
1730,Icy,Windy
1731,muddy,Sunny
1732,Muddy,windy
1733,Icy,Clear
1734,dry,Windy
1735,dry,Rain
1736,wet,snow
1737,icy,Windy
1738,Wet,Cloudy
1739,Wet,storm
1740,Dry,Cloudy
1741,Dry,storm
1742,Muddy,Sunny
1743,Dry,Cloudy
1744,muddy,windy
1745,DRY,Clear
1746,muddy,Clear
1747,Dry,rain
1748,icy,Storm
1749,dry,cloudy
1750,Dry,windy
1751,muddy,windy
1752,ICY,Cloudy
1753,ICY,rain
1754,DRY,windy
1755,ICY,Fog
1756,wet,snow
1757,dry,Rain
1758,Dry,Windy
1759,Icy,storm
1760,Wet,Cloudy
1761,Wet,Sunny
1762,DRY,sunny
1763,DRY,clear
1764,WET,Sunny
1765,dry,fog
1766,Icy,fog
1767,Muddy,Windy
1768,Dry,Rain
1769,wet,Sunny
1770,muddy,sunny
1771,icy,cloudy
1772,WET,clear
1773,icy,rain
1774,Muddy,Clear
1775,ICY,rain
1776,ICY,Storm
1777,WET,sunny
1778,icy,sunny
1779,Muddy,Cloudy
1780,Icy,Storm
1781,Wet,Rain
1782,Icy,Storm
1783,Muddy,Storm
1784,Muddy,fog
1785,DRY,Windy
1786,wet,cloudy
1787,Icy,Storm
1788,DRY,windy
1789,Dry,Sunny
1790,dry,Storm
1791,dry,Windy
1792,DRY,fog
1793,muddy,Snow
1794,Icy,storm
1795,Dry,Cloudy
1796,Icy,snow
1797,WET,fog
1798,icy,Clear
1799,icy,Snow
1800,ICY,Fog
1801,Icy,Rain
1802,Wet,Cloudy
1803,wet,storm
1804,WET,clear
1805,WET,Clear
1806,Dry,Storm
1807,Muddy,Snow
1808,Icy,Sunny
1809,Dry,windy
1810,WET,Sunny
1811,Wet,rain
1812,Wet,rain
1813,icy,fog
1814,Icy,Rain
1815,dry,cloudy
1816,ICY,sunny
1817,Dry,clear
1818,Icy,rain
1819,dry,Cloudy
1820,DRY,snow
1821,Icy,Clear
1822,Wet,clear
1823,muddy,clear
1824,Muddy,Snow
1825,muddy,snow
1826,Icy,Sunny
1827,Wet,Sunny
1828,icy,clear
1829,ICY,Cloudy
1830,Wet,storm
1831,ICY,Snow
1832,Muddy,Sunny
1833,WET,Fog
1834,Dry,snow
1835,muddy,Rain
1836,icy,Clear
1837,Muddy,Cloudy
1838,Wet,fog
1839,DRY,Snow
1840,Wet,Storm
1841,Wet,windy
1842,ICY,fog
1843,DRY,Storm
1844,dry,clear
1845,ICY,Storm
1846,icy,snow
1847,icy,snow
1848,ICY,Fog
1849,ICY,snow
1850,Wet,clear
1851,Muddy,Snow
1852,icy,Snow
1853,Muddy,Sunny
1854,WET,Fog
1855,WET,Sunny
1856,Icy,Cloudy
1857,Wet,cloudy
1858,DRY,windy
1859,ICY,storm
1860,ICY,cloudy
1861,Dry,Clear
1862,Dry,windy
1863,icy,storm
1864,dry,Cloudy
1865,WET,Fog
1866,ICY,windy
1867,Muddy,snow
1868,dry,Fog
1869,Wet,Fog
1870,ICY,Cloudy
1871,DRY,Clear
1872,Muddy,Snow
1873,Icy,Windy
1874,ICY,windy
1875,Muddy,Fog
1876,WET,Cloudy
1877,Icy,Clear
1878,ICY,snow
1879,wet,fog
1880,icy,windy
1881,wet,Cloudy
1882,Dry,Fog
1883,muddy,fog
1884,Wet,cloudy
1885,ICY,Clear
1886,Icy,Storm
1887,Icy,Rain
1888,WET,Windy
1889,Icy,sunny
1890,Dry,snow
1891,Dry,Storm
1892,Icy,Sunny
1893,ICY,Clear
1894,dry,clear
1895,Muddy,clear
1896,wet,storm
1897,ICY,fog
1898,Icy,cloudy
1899,muddy,storm
1900,dry,Windy
1901,Icy,Windy
1902,muddy,Clear
1903,Icy,Rain
1904,Dry,fog
1905,wet,Snow
1906,Wet,Windy
1907,wet,Cloudy
1908,wet,Sunny
1909,WET,Windy
1910,wet,rain
1911,muddy,Rain
1912,dry,Windy
1913,Icy,Cloudy
1914,ICY,fog
1915,Wet,Storm
1916,Wet,cloudy
1917,DRY,windy
1918,icy,snow
1919,Muddy,windy
1920,Muddy,Rain
1921,dry,rain
1922,Dry,Cloudy
1923,muddy,windy
1924,Icy,Fog
1925,muddy,clear
1926,Dry,snow
1927,Icy,Sunny
1928,Dry,sunny
1929,muddy,Windy
1930,dry,clear
1931,Dry,Snow
1932,wet,clear
1933,Icy,Fog
1934,dry,Windy
1935,Icy,sunny
1936,Icy,Storm
1937,WET,Rain
1938,WET,sunny
1939,icy,sunny
1940,Icy,Fog
1941,Wet,cloudy
1942,dry,Storm
1943,icy,Storm
1944,dry,Clear
1945,Dry,Windy
1946,Icy,sunny
1947,ICY,clear
1948,Wet,Rain
1949,DRY,Windy
1950,icy,storm
1951,Dry,storm
1952,DRY,cloudy
1953,wet,Clear
1954,DRY,Sunny
1955,dry,Windy
1956,Dry,Storm
1957,muddy,rain
1958,Dry,Clear
1959,icy,windy
1960,Muddy,Snow
1961,dry,rain
1962,WET,Fog
1963,WET,rain
1964,WET,Storm
1965,icy,windy
1966,DRY,storm
1967,Muddy,Clear
1968,Wet,fog
1969,Muddy,Clear
1970,ICY,rain
1971,dry,storm
1972,Icy,windy
1973,Wet,Rain
1974,muddy,storm
1975,Dry,Sunny
1976,muddy,cloudy
1977,Icy,Storm
1978,Muddy,snow
1979,Wet,sunny
1980,DRY,Rain
1981,muddy,Fog
1982,muddy,fog
1983,Wet,snow
1984,WET,cloudy
1985,wet,Sunny
1986,DRY,fog
1987,Muddy,Sunny
1988,Dry,Clear
1989,Icy,windy
1990,Muddy,rain
1991,ICY,storm
1992,dry,Snow
1993,Wet,Fog
1994,Dry,Windy
1995,wet,storm
1996,dry,cloudy
1997,ICY,Sunny
1998,wet,Fog
1999,Wet,rain
2000,Muddy,Fog
2001,DRY,storm
2002,DRY,Windy
2003,Icy,Rain
2004,Icy,windy
2005,Muddy,Windy
2006,Wet,windy
2007,dry,Fog
2008,Wet,fog
2009,DRY,cloudy
2010,WET,sunny
2011,Dry,storm
2012,ICY,Snow
2013,Dry,Sunny
2014,icy,snow
2015,DRY,cloudy
2016,ICY,Clear
2017,icy,sunny
2018,DRY,windy
2019,DRY,rain
2020,WET,Storm
2021,Dry,Clear
2022,DRY,Windy
2023,dry,rain
2024,DRY,sunny
2025,Icy,Rain
2026,Wet,sunny
2027,Muddy,sunny
2028,ICY,Clear
2029,DRY,windy
2030,icy,Cloudy
2031,icy,Cloudy
2032,Dry,Snow
2033,wet,Windy
2034,Muddy,fog
2035,wet,windy
2036,wet,storm
2037,wet,Cloudy
2038,muddy,windy
2039,Dry,Cloudy
2040,WET,storm
2041,DRY,sunny
2042,DRY,Rain
2043,dry,clear
2044,muddy,sunny
2045,wet,fog
2046,Muddy,Cloudy
2047,dry,clear
2048,dry,cloudy
2049,Muddy,Storm
2050,DRY,snow
2051,icy,Rain
2052,Dry,fog
2053,wet,sunny
2054,muddy,Cloudy
2055,Muddy,storm
2056,DRY,Sunny
2057,Icy,rain
2058,WET,sunny
2059,dry,sunny
2060,Icy,Sunny
2061,Icy,sunny
2062,DRY,storm
2063,Icy,Sunny
2064,DRY,Cloudy
2065,Wet,cloudy
2066,Wet,sunny
2067,wet,Storm
2068,Icy,cloudy
2069,wet,windy
2070,dry,Snow
2071,DRY,Rain
2072,muddy,storm
2073,Icy,Sunny
2074,icy,Snow
2075,muddy,Windy
2076,ICY,Windy
2077,icy,Sunny
2078,wet,rain
2079,muddy,Snow
2080,Icy,Storm
2081,Wet,rain
2082,muddy,Windy
2083,ICY,Rain
2084,ICY,Fog
2085,muddy,Sunny
2086,Dry,Rain
2087,ICY,clear
2088,WET,rain
2089,Muddy,rain
2090,muddy,sunny
2091,Muddy,storm
2092,Wet,Windy
2093,Muddy,sunny
2094,DRY,cloudy
2095,Icy,cloudy
2096,muddy,Storm
2097,dry,snow
2098,wet,Cloudy
2099,Wet,Windy
2100,muddy,sunny
2101,Muddy,cloudy
2102,Muddy,Windy
2103,muddy,storm
2104,DRY,snow
2105,wet,Sunny
2106,dry,snow
2107,dry,Rain
2108,ICY,Storm
2109,icy,Fog
2110,dry,cloudy
2111,Icy,Rain
2112,wet,sunny
2113,WET,fog
2114,Icy,Fog
2115,icy,Cloudy
2116,muddy,snow
2117,Dry,snow
2118,icy,Clear
2119,ICY,Windy
2120,dry,sunny
2121,dry,windy
2122,dry,sunny
2123,wet,Snow
2124,dry,sunny
2125,Dry,Cloudy
2126,dry,Storm
2127,Wet,snow
2128,Wet,fog
2129,icy,Rain
2130,muddy,clear
2131,ICY,storm
2132,WET,Rain
2133,DRY,Clear
2134,Dry,storm
2135,icy,storm
2136,wet,Windy
2137,icy,Storm
2138,WET,Fog
2139,DRY,sunny
2140,Muddy,Windy
2141,muddy,sunny
2142,wet,clear
2143,WET,fog
2144,icy,rain
2145,WET,windy
2146,DRY,cloudy
2147,Muddy,fog
2148,wet,Sunny
2149,muddy,Windy
2150,icy,Sunny
2151,dry,storm
2152,icy,clear
2153,dry,Sunny
2154,DRY,storm
2155,icy,windy
2156,Muddy,fog
2157,WET,storm
2158,wet,Sunny
2159,DRY,sunny
2160,DRY,Rain
2161,Muddy,Sunny
2162,ICY,Cloudy
2163,DRY,sunny
2164,Wet,Rain
2165,DRY,sunny
2166,dry,sunny
2167,wet,Snow
2168,Icy,fog
2169,Wet,clear
2170,Icy,snow
2171,icy,Rain
2172,wet,cloudy
2173,icy,cloudy
2174,Dry,Rain
2175,ICY,snow
2176,Dry,sunny
2177,Muddy,sunny
2178,icy,fog
2179,Muddy,rain
2180,wet,snow
2181,ICY,rain
2182,Wet,sunny
2183,icy,Sunny
2184,Icy,sunny
2185,DRY,snow
2186,Muddy,fog
2187,Icy,Snow
2188,icy,Rain
2189,icy,Clear
2190,Muddy,fog
2191,DRY,Fog
2192,DRY,fog
2193,wet,Rain
2194,WET,Cloudy
2195,Icy,snow
2196,Wet,Fog
2197,dry,clear
2198,Dry,Fog
2199,WET,Rain
2200,wet,snow
2201,Icy,Storm
2202,dry,clear
2203,icy,rain
2204,Muddy,rain
2205,Wet,snow
2206,wet,rain
2207,Icy,sunny
2208,DRY,clear
2209,Wet,snow
2210,wet,Storm
2211,Dry,sunny
2212,muddy,storm
2213,wet,Clear
2214,muddy,Sunny
2215,ICY,Sunny
2216,Muddy,fog
2217,dry,snow
2218,dry,Cloudy
2219,Icy,Clear
2220,DRY,cloudy
2221,Wet,cloudy
2222,wet,Snow
2223,icy,sunny
2224,wet,Rain
2225,dry,Windy
2226,Dry,Fog
2227,WET,Storm
2228,Muddy,Fog
2229,DRY,Clear
2230,dry,Rain
2231,muddy,Cloudy
2232,WET,Clear
2233,dry,snow
2234,Wet,windy
2235,muddy,Storm
2236,Dry,rain
2237,Dry,Snow
2238,ICY,windy
2239,muddy,Windy
2240,muddy,clear
2241,Wet,fog
2242,WET,cloudy
2243,ICY,sunny
2244,icy,Snow
2245,Icy,Sunny
2246,Icy,Storm
2247,Wet,sunny
2248,Wet,cloudy
2249,icy,Snow
2250,ICY,rain
2251,WET,Windy
2252,Wet,Fog
2253,ICY,Cloudy
2254,wet,Clear
2255,icy,sunny
2256,Icy,Storm
2257,dry,Windy
2258,icy,Snow
2259,muddy,snow
2260,wet,Cloudy
2261,Icy,windy
2262,DRY,fog
2263,ICY,snow
2264,WET,Storm
2265,wet,Clear
2266,wet,storm
2267,muddy,cloudy
2268,muddy,windy
2269,muddy,Fog
2270,WET,Clear
2271,Dry,Storm
2272,Wet,cloudy
2273,WET,Storm
2274,dry,Cloudy
2275,muddy,Clear
2276,Icy,Sunny
2277,muddy,storm
2278,muddy,Cloudy
2279,Dry,Windy
2280,ICY,snow
2281,DRY,Sunny
2282,icy,Sunny
2283,Icy,sunny
2284,dry,cloudy
2285,WET,Fog
2286,WET,Clear
2287,WET,cloudy
2288,Icy,Rain
2289,Muddy,rain
2290,DRY,sunny
2291,DRY,Cloudy
2292,muddy,Snow
2293,icy,fog
2294,DRY,snow
2295,dry,Fog
2296,dry,fog
2297,WET,Sunny
2298,Dry,Fog
2299,Wet,Cloudy
2300,wet,cloudy
2301,Dry,rain
2302,muddy,Clear
2303,Dry,Cloudy
2304,muddy,Cloudy
2305,icy,clear
2306,Icy,snow
2307,WET,Rain
2308,ICY,Windy
2309,Wet,windy
2310,Dry,Windy
2311,icy,Clear
2312,icy,cloudy
2313,muddy,Windy
2314,ICY,Clear
2315,muddy,fog
2316,Dry,cloudy
2317,Dry,Clear
2318,Dry,Clear
2319,Icy,Snow
2320,WET,snow
2321,muddy,cloudy
2322,Icy,Fog
2323,Icy,Cloudy
2324,Wet,sunny
2325,wet,Sunny
2326,Icy,clear
2327,icy,windy
2328,WET,windy
2329,muddy,Rain
2330,dry,storm
2331,Wet,windy
2332,DRY,Storm
2333,Dry,rain
2334,Muddy,rain
2335,wet,snow
2336,dry,sunny
2337,Muddy,storm
2338,Wet,fog
2339,dry,Cloudy
2340,DRY,fog
2341,ICY,Rain
2342,muddy,sunny
2343,Wet,Fog
2344,WET,Windy
2345,Icy,clear
2346,Dry,storm
2347,dry,cloudy
2348,Wet,Rain
2349,dry,Fog
2350,DRY,fog
2351,Muddy,rain
2352,icy,sunny
2353,icy,Fog
2354,Icy,storm
2355,ICY,windy
2356,DRY,Clear
2357,Icy,Storm
2358,Dry,sunny
2359,Muddy,Sunny
2360,muddy,cloudy
2361,Icy,Storm
2362,Muddy,windy
2363,muddy,Clear
2364,WET,sunny
2365,dry,fog
2366,icy,clear
2367,Icy,rain
2368,icy,Fog
2369,Muddy,fog
2370,icy,Snow
2371,muddy,Storm
2372,muddy,sunny
2373,dry,sunny
2374,dry,sunny
2375,Icy,sunny
2376,Icy,fog
2377,Icy,Sunny
2378,muddy,Cloudy
2379,WET,sunny
2380,dry,fog
2381,Muddy,Storm
2382,dry,sunny
2383,ICY,clear
2384,Muddy,Windy
2385,Muddy,sunny
2386,Icy,storm
2387,Dry,rain
2388,wet,cloudy
2389,icy,sunny
2390,WET,Sunny
2391,dry,Snow
2392,icy,sunny
2393,dry,sunny
2394,Icy,snow
2395,dry,cloudy
2396,DRY,Snow
2397,DRY,clear
2398,Wet,sunny
2399,ICY,Sunny
2400,icy,Sunny
2401,Dry,storm
2402,WET,Storm
2403,DRY,sunny
2404,Wet,Windy
2405,Dry,Rain
2406,ICY,Clear
2407,WET,storm
2408,Dry,Storm
2409,ICY,Sunny
2410,Icy,cloudy
2411,DRY,Fog
2412,Muddy,Rain
2413,WET,fog
2414,Wet,storm
2415,ICY,rain
2416,Icy,sunny
2417,dry,Snow
2418,DRY,windy
2419,Dry,clear
2420,Wet,Rain
2421,Dry,Sunny
2422,WET,snow
2423,Wet,Snow
2424,Icy,Rain
2425,DRY,Snow
2426,Wet,snow
2427,icy,snow
2428,muddy,fog
2429,ICY,rain
2430,dry,sunny
2431,ICY,Clear
2432,muddy,sunny
2433,ICY,clear
2434,muddy,Windy
2435,Icy,Snow
2436,Wet,Snow
2437,WET,snow
2438,muddy,Storm
2439,muddy,Sunny
2440,DRY,Rain
2441,wet,storm
2442,ICY,Sunny
2443,wet,Clear
2444,DRY,Windy
2445,WET,windy
2446,dry,Rain
2447,icy,Fog
2448,WET,Storm
2449,wet,cloudy
2450,Icy,Storm
2451,Icy,Cloudy
2452,dry,storm
2453,dry,Rain
2454,Icy,windy
2455,Icy,storm
2456,Icy,Clear
2457,ICY,Storm
2458,Dry,clear
2459,muddy,rain
2460,Wet,fog
2461,Muddy,Sunny
2462,wet,Sunny
2463,wet,Fog
2464,Icy,snow
2465,icy,Windy
2466,ICY,sunny
2467,muddy,rain
2468,Muddy,cloudy
2469,Icy,storm
2470,muddy,Snow
2471,muddy,Windy
2472,muddy,storm
2473,Icy,Clear
2474,Icy,snow
2475,icy,Cloudy
2476,DRY,rain
2477,Dry,rain
2478,DRY,storm
2479,Icy,Cloudy
2480,Muddy,Sunny
2481,icy,cloudy
2482,dry,clear
2483,icy,Snow
2484,muddy,storm
2485,Dry,clear
2486,DRY,Clear
2487,dry,rain
2488,muddy,Cloudy
2489,WET,Storm
2490,dry,fog
2491,Wet,cloudy
2492,muddy,clear
2493,Wet,Cloudy
2494,ICY,rain
2495,Dry,Windy
2496,wet,sunny
2497,DRY,Windy
2498,muddy,windy
2499,WET,Storm
2500,wet,fog
2501,Wet,windy
2502,dry,storm
2503,Dry,Rain
2504,WET,storm
2505,muddy,rain
2506,icy,cloudy
2507,dry,clear
2508,ICY,sunny
2509,wet,Rain
2510,Wet,cloudy
2511,muddy,storm
2512,ICY,Snow
2513,icy,windy
2514,Icy,Fog
2515,Dry,Fog
2516,muddy,Cloudy
2517,Wet,Windy
2518,dry,Sunny
2519,DRY,Snow
2520,Icy,windy
2521,DRY,rain
2522,muddy,sunny
2523,Dry,clear
2524,ICY,sunny
2525,wet,Rain
2526,muddy,sunny
2527,DRY,clear
2528,dry,snow
2529,Muddy,Windy
2530,WET,clear
2531,muddy,cloudy
2532,icy,cloudy
2533,DRY,Snow
2534,Wet,windy
2535,icy,sunny
2536,wet,snow
2537,WET,cloudy
2538,Dry,fog
2539,icy,storm
2540,icy,Fog
2541,wet,rain
2542,Muddy,Storm
2543,Wet,cloudy
2544,Icy,Windy
2545,muddy,Sunny
2546,muddy,sunny
2547,Wet,fog
2548,icy,clear
2549,Wet,fog
2550,DRY,snow
2551,wet,Storm
2552,Wet,Clear
2553,Wet,storm
2554,Muddy,Rain
2555,muddy,cloudy
2556,icy,Windy
2557,icy,sunny
2558,DRY,rain
2559,wet,storm
2560,Dry,cloudy
2561,Muddy,Snow
2562,muddy,Sunny
2563,Wet,Sunny
2564,Muddy,Fog
2565,DRY,snow
2566,Muddy,Fog
2567,dry,Fog
2568,Muddy,windy
2569,icy,cloudy
2570,WET,sunny
2571,ICY,Snow
2572,WET,Storm
2573,icy,cloudy
2574,Icy,snow
2575,Dry,Fog
2576,WET,Sunny
2577,Dry,Rain
2578,Icy,snow
2579,Dry,windy
2580,wet,Snow
2581,Icy,cloudy
2582,DRY,storm
2583,Icy,Rain
2584,muddy,clear
2585,Dry,windy
2586,Wet,storm
2587,Muddy,Cloudy
2588,muddy,clear
2589,WET,snow
2590,Wet,Windy
2591,Icy,cloudy
2592,muddy,cloudy
2593,Wet,rain
2594,Icy,Windy
2595,wet,Rain
2596,Wet,Storm
2597,dry,Storm
2598,Muddy,Snow
2599,dry,Windy
2600,DRY,fog
2601,Muddy,storm
2602,DRY,cloudy
2603,WET,storm
2604,ICY,Windy
2605,Muddy,Clear
2606,muddy,Storm
2607,WET,snow
2608,DRY,Storm
2609,Dry,Snow
2610,Muddy,fog
2611,ICY,clear
2612,WET,Snow
2613,dry,fog
2614,Wet,Rain
2615,Icy,Rain
2616,DRY,Clear
2617,WET,Windy
2618,WET,windy
2619,dry,sunny
2620,Wet,Cloudy
2621,Muddy,Sunny
2622,Icy,clear
2623,Icy,Fog
2624,WET,Rain
2625,muddy,Windy
2626,DRY,Storm
2627,muddy,Sunny
2628,Dry,clear
2629,WET,snow
2630,icy,fog
2631,Muddy,storm
2632,ICY,storm
2633,ICY,Rain
2634,Muddy,Fog
2635,WET,Rain
2636,muddy,snow
2637,ICY,snow
2638,DRY,Windy
2639,icy,cloudy
2640,dry,storm
2641,muddy,snow
2642,dry,rain
2643,muddy,Sunny
2644,muddy,Storm
2645,Muddy,windy
2646,wet,Windy
2647,dry,rain
2648,Wet,Sunny
2649,Muddy,Storm
2650,Wet,windy
2651,muddy,Cloudy
2652,DRY,Clear
2653,icy,sunny
2654,wet,sunny
2655,dry,storm
2656,Dry,storm
2657,ICY,windy
2658,muddy,cloudy
2659,Muddy,Snow
2660,muddy,Sunny
2661,icy,Windy
2662,Icy,storm
2663,dry,Fog
2664,Wet,rain
2665,Icy,Fog
2666,Dry,Rain
2667,Icy,Storm
2668,Wet,windy
2669,Muddy,rain
2670,Wet,storm
2671,icy,rain
2672,Dry,clear
2673,icy,sunny
2674,WET,windy
2675,DRY,Storm
2676,wet,Sunny
2677,wet,Fog
2678,Muddy,Fog
2679,muddy,Sunny
2680,WET,clear
2681,wet,Clear
2682,WET,Clear
2683,Dry,Cloudy
2684,Dry,Windy
2685,Dry,Rain
2686,Icy,cloudy
2687,DRY,storm
2688,ICY,Snow
2689,WET,Storm
2690,DRY,Windy
2691,wet,Sunny
2692,wet,storm
2693,ICY,Storm
2694,muddy,rain
2695,DRY,sunny
2696,WET,Rain
2697,DRY,Snow
2698,wet,Storm
2699,Muddy,sunny
2700,WET,Sunny
2701,Muddy,windy
2702,WET,rain
2703,wet,sunny
2704,Wet,Snow
2705,DRY,sunny
2706,dry,windy
2707,DRY,Cloudy
2708,icy,Clear
2709,DRY,storm
2710,Dry,Fog
2711,wet,rain
2712,icy,snow
2713,Dry,Windy
2714,Dry,Snow
2715,DRY,Windy
2716,dry,Sunny
2717,icy,storm
2718,icy,clear
2719,dry,cloudy
2720,WET,sunny
2721,dry,Storm
2722,Dry,clear
2723,Muddy,sunny
2724,DRY,Sunny
2725,wet,rain
2726,Muddy,snow
2727,DRY,Snow
2728,Muddy,snow
2729,Icy,Fog
2730,WET,clear
2731,WET,Sunny
2732,Wet,Cloudy
2733,Wet,clear
2734,muddy,fog
2735,Muddy,storm
2736,muddy,Windy
2737,icy,Sunny
2738,Icy,Storm
2739,Muddy,sunny
2740,DRY,Snow
2741,dry,Fog
2742,icy,Windy
2743,dry,rain
2744,Dry,Sunny
2745,icy,fog
2746,Muddy,cloudy
2747,WET,sunny
2748,Dry,cloudy
2749,Icy,snow
2750,icy,cloudy
2751,icy,snow
2752,Wet,Rain
2753,Icy,Clear
2754,ICY,Snow
2755,Icy,Windy
2756,WET,Cloudy
2757,DRY,storm
2758,muddy,windy
2759,dry,Sunny
2760,DRY,Storm
2761,wet,Storm
2762,dry,cloudy
2763,Wet,snow
2764,icy,Cloudy
2765,Muddy,Fog
2766,wet,Rain
2767,ICY,Cloudy
2768,Muddy,Storm
2769,ICY,cloudy
2770,Muddy,Clear
2771,icy,Snow
2772,Muddy,Fog
2773,DRY,Sunny
2774,icy,rain
2775,wet,Windy
2776,DRY,Rain
2777,muddy,Cloudy
2778,DRY,windy
2779,dry,Rain
2780,wet,Clear
2781,icy,storm
2782,wet,clear
2783,wet,Rain
2784,dry,Windy
2785,wet,Rain
2786,wet,rain
2787,Wet,Sunny
2788,wet,Rain
2789,Muddy,Snow
2790,Wet,Windy
2791,DRY,sunny
2792,Muddy,Storm
2793,Muddy,Clear
2794,Muddy,sunny
2795,dry,storm
2796,Muddy,sunny
2797,dry,clear
2798,wet,clear
2799,wet,Fog
2800,Muddy,Sunny
2801,WET,Sunny
2802,wet,Windy
2803,dry,Clear
2804,Muddy,Fog
2805,wet,sunny
2806,DRY,Windy
2807,wet,cloudy
2808,Dry,Snow
2809,ICY,Snow
2810,muddy,storm
2811,muddy,Sunny
2812,ICY,storm
2813,Icy,Cloudy
2814,Icy,Storm
2815,dry,Cloudy
2816,Dry,sunny
2817,Muddy,windy
2818,icy,Storm
2819,ICY,Storm
2820,DRY,Clear
2821,Icy,Sunny
2822,Muddy,Rain
2823,WET,Clear
2824,dry,Sunny
2825,Muddy,snow
2826,muddy,Cloudy
2827,ICY,Windy
2828,muddy,Rain
2829,ICY,sunny
2830,Muddy,storm
2831,wet,rain
2832,Wet,cloudy
2833,dry,cloudy
2834,Icy,cloudy
2835,Wet,rain
2836,Dry,Fog
2837,Muddy,Storm
2838,WET,sunny
2839,Icy,cloudy
2840,Dry,Fog
2841,Icy,windy
2842,Wet,Sunny
2843,WET,Snow
2844,Dry,sunny
2845,WET,Sunny
2846,icy,clear
2847,wet,Clear
2848,ICY,clear
2849,icy,sunny
2850,dry,fog
2851,wet,rain
2852,muddy,storm
2853,DRY,Sunny
2854,icy,Snow
2855,icy,Clear
2856,WET,snow
2857,Muddy,Windy
2858,Icy,fog
2859,Icy,snow
2860,Dry,Sunny
2861,dry,sunny
2862,Dry,cloudy
2863,Dry,Windy
2864,wet,Storm
2865,wet,Rain
2866,Muddy,snow
2867,DRY,Storm
2868,wet,Windy
2869,DRY,Sunny
2870,Wet,Clear
2871,Icy,clear
2872,Muddy,snow
2873,dry,Storm
2874,Muddy,Fog
2875,Dry,Clear
2876,Dry,clear
2877,Icy,Rain
2878,icy,fog
2879,Wet,fog
2880,Icy,snow
2881,Wet,storm
2882,dry,cloudy
2883,WET,Snow
2884,icy,Windy
2885,DRY,fog
2886,icy,cloudy
2887,ICY,Sunny
2888,Muddy,snow
2889,DRY,Storm
2890,dry,cloudy
2891,icy,Clear
2892,Muddy,Cloudy
2893,icy,fog
2894,muddy,Windy
2895,muddy,windy
2896,WET,snow
2897,Dry,fog
2898,ICY,cloudy
2899,DRY,Storm
2900,Wet,storm
2901,Muddy,Clear
2902,Muddy,rain
2903,dry,Clear
2904,Wet,snow
2905,wet,storm
2906,icy,Rain
2907,ICY,Storm
2908,wet,Storm
2909,dry,Windy
2910,wet,storm
2911,icy,clear
2912,DRY,Snow
2913,DRY,Clear
2914,dry,fog
2915,Wet,clear
2916,Wet,windy
2917,dry,sunny
2918,ICY,Clear
2919,ICY,Rain
2920,icy,cloudy
2921,Dry,sunny
2922,dry,Storm
2923,wet,sunny
2924,Icy,sunny
2925,dry,storm
2926,DRY,Clear
2927,Icy,Sunny
2928,muddy,Storm
2929,Icy,storm
2930,Dry,Storm
2931,dry,Snow
2932,dry,Windy
2933,wet,storm
2934,WET,sunny
2935,wet,rain
2936,Icy,fog
2937,wet,Storm
2938,DRY,Clear
2939,dry,snow
2940,muddy,rain
2941,Wet,Fog
2942,Dry,windy
2943,wet,Storm
2944,dry,Windy
2945,muddy,windy
2946,WET,Windy
2947,Muddy,sunny
2948,DRY,fog
2949,ICY,storm
2950,muddy,Sunny
2951,muddy,clear
2952,DRY,Cloudy
2953,ICY,snow
2954,Dry,cloudy
2955,Dry,sunny
2956,ICY,Rain
2957,muddy,cloudy
2958,icy,snow
2959,Icy,Cloudy
2960,Muddy,Fog
2961,wet,rain
2962,DRY,rain
2963,Muddy,Snow
2964,Dry,Clear
2965,Icy,Clear
2966,muddy,Storm
2967,Wet,Sunny
2968,muddy,Sunny
2969,muddy,Sunny
2970,WET,Snow
2971,WET,clear
2972,wet,clear
2973,Wet,Rain
2974,WET,Windy
2975,wet,Storm
2976,dry,Clear
2977,Dry,Snow
2978,wet,clear
2979,dry,snow
2980,icy,Rain
2981,Dry,clear
2982,Icy,Snow
2983,dry,rain
2984,ICY,clear
2985,icy,Cloudy
2986,Dry,Sunny
2987,Icy,rain
2988,Icy,windy
2989,ICY,Fog
2990,Muddy,Clear
2991,wet,windy
2992,DRY,Clear
2993,DRY,Rain
2994,icy,storm
2995,Icy,Fog
2996,WET,Storm
2997,icy,clear
2998,Icy,sunny
2999,dry,Clear
3000,dry,clear
3001,Icy,Sunny
3002,ICY,Fog
3003,Icy,Clear
3004,Muddy,Rain
3005,dry,sunny
3006,Dry,snow
3007,Icy,Fog
3008,Dry,snow
3009,Icy,Sunny
3010,icy,windy
3011,DRY,storm
3012,Muddy,storm
3013,Wet,Cloudy
3014,dry,cloudy
3015,dry,Storm
3016,Dry,Clear
3017,dry,Rain
3018,Dry,fog
3019,dry,Storm
3020,dry,Clear
3021,wet,Sunny
3022,DRY,Snow
3023,WET,windy
3024,WET,fog
3025,Wet,snow
3026,Wet,Sunny
3027,muddy,Windy
3028,DRY,storm
3029,WET,storm
3030,icy,Cloudy
3031,Dry,storm
3032,WET,Fog
3033,DRY,windy
3034,Icy,Clear
3035,WET,clear
3036,Muddy,Sunny
3037,Muddy,clear
3038,icy,snow
3039,icy,clear
3040,dry,windy
3041,Dry,cloudy
3042,Icy,Cloudy
3043,wet,sunny
3044,muddy,Fog
3045,icy,snow
3046,dry,Snow
3047,Dry,rain
3048,Wet,windy
3049,Icy,Fog
3050,dry,Storm
3051,Muddy,Cloudy
3052,ICY,Sunny
3053,wet,Rain
3054,WET,windy
3055,Icy,windy
3056,dry,windy
3057,Dry,rain
3058,dry,sunny
3059,wet,Snow
3060,Icy,windy
3061,Dry,fog
3062,Icy,Rain
3063,ICY,snow
3064,wet,storm
3065,WET,Snow
3066,Wet,sunny
3067,Muddy,Rain
3068,Dry,Clear
3069,Wet,Fog
3070,WET,Snow
3071,Icy,rain
3072,Icy,windy
3073,muddy,rain
3074,Icy,rain
3075,wet,Windy
3076,Dry,Rain
3077,icy,rain
3078,Dry,clear
3079,WET,sunny
3080,DRY,clear
3081,wet,clear
3082,muddy,cloudy
3083,ICY,Windy
3084,WET,clear
3085,Wet,Sunny
3086,WET,cloudy
3087,muddy,windy
3088,muddy,storm
3089,WET,Sunny
3090,icy,Windy
3091,wet,storm
3092,DRY,Clear
3093,Wet,snow
3094,Muddy,Fog
3095,Muddy,Snow
3096,Icy,Sunny
3097,wet,windy
3098,Dry,storm
3099,DRY,Fog
3100,icy,Snow
4607,muddy,cloudy
3205,DRY,sunny
4504,icy,cloudy
4428,Muddy,rain
5757,DRY,storm
4084,Wet,Sunny
5920,icy,cloudy
5678,Muddy,Fog
4685,wet,Rain
3649,WET,snow
5407,WET,storm
6009,Icy,Sunny
5687,DRY,storm
3440,dry,cloudy
4915,Wet,Storm
3570,muddy,Storm
4331,ICY,snow
5206,wet,rain
4594,WET,rain
4273,Muddy,storm
3405,muddy,Storm
5391,dry,Snow
4019,Muddy,storm
5657,ICY,windy
4514,Muddy,Snow
3758,muddy,windy
5925,dry,storm
4382,WET,Clear
3637,icy,clear
5815,dry,Cloudy
4604,Muddy,Clear
3688,muddy,sunny
3353,wet,snow
4957,muddy,rain
5840,Dry,Fog
5270,WET,Clear
5743,dry,rain
5151,dry,storm
3772,wet,Fog
4716,icy,fog
5763,Wet,snow
4384,Muddy,Clear
3495,wet,Sunny
3375,WET,cloudy
5600,DRY,fog
6008,Dry,snow
3858,icy,storm
3480,Wet,clear
4327,Icy,Storm
4633,Muddy,windy
5113,WET,fog
4310,icy,cloudy
6011,DRY,storm
4312,Dry,snow
4410,Muddy,Windy
3711,icy,cloudy
3346,Wet,cloudy
3938,Dry,Clear
3266,muddy,Cloudy
5824,dry,Sunny
