driver_key,driver_age,driver_gender
101,85.0,Female
102,53.0,Female
103,,Other
104,34.0,Other
105,23.0,Male
106,42.0,Female
107,,Female
108,61.0,Male
109,43.0,Male
110,34.0,Other
111,,Other
112,62.0,Other
113,33.0,Male
114,71.0,Male
115,20.0,Other
116,,Other
117,55.0,Female
118,,Female
119,42.0,Other
120,83.0,Other
121,83.0,Female
122,69.0,Other
123,18.0,Female
124,,Female
125,,Female
126,83.0,Male
127,85.0,Male
128,55.0,Other
129,39.0,Female
130,,Male
131,36.0,Other
132,35.0,Other
133,49.0,Other
134,32.0,Other
135,,Other
136,65.0,Female
137,51.0,Other
138,55.0,Female
139,19.0,Male
140,53.0,Other
141,,Male
142,31.0,Female
143,50.0,Female
144,44.0,Male
145,52.0,Other
146,,Other
147,68.0,Male
148,,Male
149,,Male
150,79.0,Other
151,,Other
152,,Other
153,,Male
154,80.0,Other
155,54.0,Female
156,,Male
157,,Other
158,,Male
159,26.0,Female
160,,Female
161,69.0,Male
162,,Male
163,19.0,Female
164,20.0,Male
165,,Female
166,,Female
167,34.0,Other
168,,Male
169,,Male
170,,Other
171,121.0,Female
172,61.0,Male
173,35.0,Other
174,74.0,Other
175,79.0,Male
176,,Other
177,,Female
178,33.0,Other
179,,Female
180,,Female
181,71.0,Male
182,,Other
183,174.0,Female
184,54.0,Female
185,,Other
186,32.0,Female
187,46.0,Other
188,,Male
189,60.0,Female
190,,Female
191,23.0,Other
192,85.0,Other
193,72.0,Other
194,,Other
195,54.0,Female
196,81.0,Male
197,27.0,Male
198,37.0,Male
199,36.0,Male
200,79.0,Other
201,72.0,Female
202,29.0,Female
203,67.0,Female
204,79.0,Other
205,60.0,Female
206,,Other
207,67.0,Female
208,81.0,Male
209,67.0,Other
210,,Female
211,46.0,Male
212,18.0,Male
213,,Male
214,78.0,Other
215,25.0,Other
216,35.0,Female
217,71.0,Male
218,,Female
219,35.0,Female
220,,Male
221,21.0,Female
222,24.0,Other
223,27.0,Female
224,38.0,Male
225,,Other
226,27.0,Other
227,,Female
228,41.0,Female
229,85.0,Other
230,70.0,Female
231,19.0,Male
232,22.0,Female
233,38.0,Female
234,,Other
235,76.0,Female
236,82.0,Female
237,38.0,Female
238,66.0,Male
239,45.0,Female
240,68.0,Male
241,,Male
242,27.0,Male
243,58.0,Male
244,66.0,Other
245,,Male
246,42.0,Female
247,64.0,Male
248,21.0,Female
249,,Male
250,,Other
251,,Male
252,,Male
253,,Other
254,43.0,Male
255,154.0,Female
256,,Male
257,181.0,Male
258,,Male
259,19.0,Other
260,68.0,Male
261,68.0,Male
262,30.0,Female
263,82.0,Male
264,,Male
265,66.0,Male
266,22.0,Male
267,77.0,Female
268,,Female
269,47.0,Other
270,36.0,Male
271,82.0,Other
272,84.0,Other
273,34.0,Male
274,73.0,Female
275,,Female
276,48.0,Male
277,,Male
278,37.0,Female
279,30.0,Male
280,57.0,Male
281,29.0,Male
282,39.0,Female
283,53.0,Other
284,27.0,Other
285,,Male
286,78.0,Female
287,74.0,Male
288,33.0,Female
289,64.0,Male
290,34.0,Female
291,58.0,Female
292,82.0,Other
293,23.0,Male
294,49.0,Other
295,37.0,Other
296,38.0,Female
297,46.0,Male
298,29.0,Female
299,77.0,Female
300,,Female
301,,Male
302,,Male
303,73.0,Female
304,,Male
305,80.0,Female
306,,Male
307,76.0,Male
308,,Other
309,,Female
310,58.0,Other
311,66.0,Other
312,,Female
313,78.0,Female
314,,Male
315,,Female
316,,Other
317,50.0,Other
318,26.0,Female
319,75.0,Other
320,51.0,Male
321,,Other
322,,Male
323,56.0,Other
324,,Male
325,78.0,Male
326,73.0,Female
327,67.0,Male
328,43.0,Female
329,,Other
330,59.0,Other
331,58.0,Other
332,,Male
333,81.0,Other
334,70.0,Other
335,75.0,Female
336,75.0,Female
337,22.0,Other
338,,Other
339,39.0,Male
340,44.0,Male
341,19.0,Other
342,56.0,Female
343,33.0,Other
344,76.0,Male
345,72.0,Female
346,32.0,Female
347,65.0,Male
348,,Other
349,66.0,Other
350,73.0,Other
351,30.0,Male
352,31.0,Female
353,,Male
354,,Other
355,30.0,Male
356,22.0,Female
357,45.0,Male
358,,Other
359,43.0,Female
360,62.0,Male
361,70.0,Male
362,68.0,Female
363,,Female
364,54.0,Other
365,57.0,Female
366,71.0,Other
367,173.0,Male
368,,Other
369,,Male
370,84.0,Female
371,60.0,Male
372,,Female
373,68.0,Male
374,,Male
375,72.0,Male
376,,Male
377,40.0,Other
378,38.0,Male
379,34.0,Other
380,68.0,Female
381,51.0,Female
382,59.0,Other
383,,Female
384,,Female
385,37.0,Male
386,,Male
387,28.0,Male
388,136.0,Other
389,63.0,Other
390,,Female
391,42.0,Male
392,66.0,Other
393,53.0,Other
394,,Male
395,,Other
396,,Male
397,32.0,Female
398,31.0,Female
399,,Female
400,27.0,Male
401,44.0,Other
402,20.0,Female
403,27.0,Female
404,,Female
405,75.0,Other
406,19.0,Other
407,22.0,Male
408,,Female
409,18.0,Other
410,,Male
411,42.0,Female
412,84.0,Other
413,64.0,Other
414,,Male
415,,Female
416,34.0,Female
417,29.0,Other
418,55.0,Female
419,73.0,Male
420,42.0,Other
421,53.0,Other
422,57.0,Male
423,,Other
424,,Female
425,75.0,Female
426,58.0,Other
427,72.0,Male
428,,Male
429,26.0,Female
430,83.0,Male
431,85.0,Other
432,143.0,Other
433,41.0,Female
434,65.0,Female
435,33.0,Female
436,,Male
437,45.0,Other
438,47.0,Other
439,45.0,Other
440,53.0,Female
441,27.0,Other
442,73.0,Male
443,43.0,Male
444,,Other
445,155.0,Female
446,39.0,Other
447,48.0,Male
448,18.0,Male
449,69.0,Male
450,,Other
451,61.0,Male
452,30.0,Female
453,56.0,Other
454,69.0,Other
455,,Male
456,24.0,Male
457,76.0,Female
458,33.0,Other
459,31.0,Male
460,,Female
461,,Male
462,,Other
463,,Male
464,73.0,Other
465,,Male
466,,Other
467,18.0,Female
468,51.0,Other
469,126.0,Female
470,60.0,Other
471,66.0,Female
472,35.0,Male
473,58.0,Other
474,70.0,Male
475,84.0,Female
476,80.0,Other
477,79.0,Other
478,,Male
479,28.0,Other
480,49.0,Other
481,44.0,Male
482,81.0,Other
483,,Male
484,,Male
485,,Male
486,31.0,Male
487,85.0,Male
488,57.0,Female
489,82.0,Female
490,,Male
491,,Female
492,75.0,Female
493,69.0,Other
494,,Male
495,57.0,Female
496,31.0,Other
497,,Other
498,48.0,Male
499,,Male
500,78.0,Other
501,51.0,Male
502,,Male
503,45.0,Other
504,,Other
505,24.0,Male
506,24.0,Female
507,72.0,Male
508,,Female
509,,Other
510,,Female
511,84.0,Other
512,49.0,Male
513,24.0,Male
514,48.0,Other
515,,Other
516,,Other
517,,Male
518,68.0,Male
519,52.0,Female
520,44.0,Other
521,54.0,Female
522,82.0,Male
523,57.0,Female
524,39.0,Female
525,41.0,Male
526,19.0,Male
527,20.0,Other
528,,Female
529,19.0,Male
530,18.0,Male
531,32.0,Female
532,,Male
533,,Other
534,47.0,Other
535,36.0,Female
536,60.0,Other
537,50.0,Male
538,76.0,Male
539,,Male
540,84.0,Male
541,79.0,Female
542,,Other
543,20.0,Other
544,,Male
545,36.0,Female
546,193.0,Male
547,64.0,Male
548,,Female
549,,Female
550,31.0,Male
551,75.0,Other
552,40.0,Male
553,60.0,Other
554,53.0,Other
555,186.0,Female
556,33.0,Female
557,62.0,Male
558,81.0,Other
559,37.0,Other
560,38.0,Male
561,55.0,Male
562,,Male
563,,Female
564,24.0,Male
565,165.0,Male
566,152.0,Other
567,,Male
568,82.0,Other
569,37.0,Other
570,36.0,Female
571,28.0,Male
572,165.0,Male
573,,Other
574,69.0,Female
575,51.0,Female
576,40.0,Male
577,59.0,Other
578,43.0,Male
579,43.0,Male
580,77.0,Male
581,73.0,Male
582,,Other
583,82.0,Female
584,77.0,Male
585,70.0,Male
586,21.0,Male
587,35.0,Male
588,49.0,Female
589,55.0,Female
590,,Female
591,18.0,Female
592,84.0,Male
593,25.0,Other
594,31.0,Female
595,55.0,Female
596,25.0,Male
597,,Male
598,24.0,Male
599,81.0,Male
600,,Other
601,37.0,Other
602,18.0,Female
603,43.0,Other
604,,Female
605,,Female
606,30.0,Other
607,,Female
608,,Male
609,,Female
610,33.0,Male
611,41.0,Other
612,51.0,Other
613,33.0,Female
614,41.0,Male
615,,Female
616,83.0,Other
617,78.0,Female
618,30.0,Female
619,53.0,Male
620,31.0,Other
621,36.0,Female
622,,Male
623,19.0,Female
624,199.0,Male
625,63.0,Male
626,76.0,Female
627,63.0,Other
628,44.0,Other
629,67.0,Male
630,37.0,Other
631,61.0,Male
632,35.0,Other
633,56.0,Female
634,79.0,Other
635,41.0,Male
636,85.0,Male
637,62.0,Other
638,26.0,Female
639,,Male
640,30.0,Male
641,78.0,Male
642,48.0,Male
643,,Male
644,67.0,Female
645,26.0,Other
646,,Female
647,129.0,Female
648,21.0,Male
649,75.0,Female
650,43.0,Male
651,,Female
652,46.0,Male
653,,Male
654,,Female
655,42.0,Female
656,,Other
657,,Other
658,22.0,Other
659,64.0,Female
660,27.0,Female
661,85.0,Male
662,78.0,Other
663,35.0,Male
664,66.0,Male
665,34.0,Male
666,33.0,Male
667,60.0,Other
668,,Male
669,50.0,Female
670,38.0,Female
671,48.0,Female
672,82.0,Other
673,32.0,Male
674,51.0,Other
675,173.0,Male
676,25.0,Other
677,,Other
678,25.0,Male
679,,Other
680,,Male
681,22.0,Female
682,71.0,Female
683,28.0,Female
684,34.0,Other
685,124.0,Female
686,62.0,Male
687,47.0,Female
688,,Female
689,,Other
690,66.0,Male
691,79.0,Other
692,,Other
693,73.0,Male
694,32.0,Other
695,65.0,Male
696,25.0,Female
697,,Male
698,,Male
699,,Male
700,23.0,Other
701,151.0,Male
702,34.0,Male
703,58.0,Male
704,49.0,Female
705,68.0,Male
706,27.0,Other
707,,Male
708,63.0,Male
709,74.0,Female
710,55.0,Male
711,52.0,Other
712,31.0,Male
713,,Other
714,80.0,Female
715,35.0,Male
716,57.0,Female
717,65.0,Male
718,22.0,Other
719,76.0,Female
720,124.0,Male
721,56.0,Other
722,53.0,Female
723,20.0,Male
724,23.0,Female
725,,Male
726,24.0,Other
727,164.0,Other
728,61.0,Female
729,45.0,Female
730,73.0,Male
731,25.0,Other
732,54.0,Male
733,77.0,Other
734,84.0,Female
735,77.0,Male
736,34.0,Male
737,53.0,Other
738,,Other
739,,Other
740,68.0,Female
741,,Male
742,50.0,Other
743,19.0,Female
744,,Other
745,51.0,Male
746,20.0,Other
747,63.0,Male
748,45.0,Female
749,28.0,Female
750,58.0,Other
751,51.0,Male
752,81.0,Male
753,,Male
754,24.0,Other
755,,Male
756,82.0,Male
757,23.0,Male
758,51.0,Male
759,165.0,Other
760,150.0,Other
761,74.0,Male
762,,Male
763,,Female
764,,Female
765,71.0,Male
766,,Male
767,21.0,Female
768,60.0,Female
769,65.0,Male
770,21.0,Other
771,,Other
772,,Male
773,21.0,Male
774,,Female
775,,Female
776,83.0,Other
777,45.0,Male
778,37.0,Female
779,28.0,Other
780,46.0,Other
781,71.0,Other
782,85.0,Female
783,85.0,Female
784,42.0,Male
785,49.0,Male
786,64.0,Other
787,,Other
788,48.0,Female
789,70.0,Female
790,82.0,Male
791,,Male
792,47.0,Male
793,34.0,Female
794,70.0,Other
795,51.0,Male
796,33.0,Male
797,,Female
798,81.0,Male
799,41.0,Other
800,135.0,Female
801,78.0,Male
802,22.0,Male
803,141.0,Female
804,85.0,Female
805,63.0,Male
806,,Other
807,55.0,Female
808,,Other
809,31.0,Male
810,165.0,Other
811,75.0,Male
812,79.0,Male
813,83.0,Male
814,,Male
815,65.0,Other
816,59.0,Male
817,53.0,Male
818,56.0,Other
819,186.0,Female
820,72.0,Other
821,40.0,Other
822,146.0,Other
823,58.0,Male
824,,Male
825,53.0,Male
826,39.0,Female
827,31.0,Male
828,36.0,Female
829,,Male
830,39.0,Other
831,,Male
832,42.0,Female
833,,Female
834,146.0,Male
835,72.0,Other
836,76.0,Male
837,33.0,Male
838,51.0,Male
839,,Other
840,,Female
841,63.0,Other
842,46.0,Female
843,82.0,Female
844,83.0,Female
845,58.0,Other
846,132.0,Male
847,58.0,Male
848,,Male
849,22.0,Male
850,49.0,Male
851,,Other
852,43.0,Other
853,41.0,Other
854,43.0,Other
855,84.0,Other
856,18.0,Other
857,44.0,Other
858,153.0,Male
859,48.0,Female
860,41.0,Other
861,55.0,Female
862,68.0,Other
863,55.0,Other
864,,Male
865,,Female
866,54.0,Male
867,49.0,Male
868,77.0,Female
869,62.0,Male
870,79.0,Other
871,70.0,Other
872,154.0,Other
873,70.0,Other
874,,Other
875,58.0,Male
876,72.0,Male
877,52.0,Other
878,23.0,Other
879,39.0,Male
880,32.0,Female
881,60.0,Male
882,,Male
883,20.0,Male
884,60.0,Male
885,26.0,Male
886,64.0,Female
887,68.0,Other
888,38.0,Other
889,45.0,Female
890,19.0,Other
891,,Other
892,,Other
893,68.0,Female
894,156.0,Female
895,49.0,Other
896,,Other
897,66.0,Other
898,52.0,Male
899,82.0,Male
900,71.0,Male
901,,Female
902,37.0,Other
903,,Female
904,57.0,Female
905,20.0,Female
906,30.0,Other
907,78.0,Male
908,46.0,Other
909,79.0,Other
910,82.0,Female
911,,Female
912,,Female
913,65.0,Male
914,75.0,Male
915,,Male
916,47.0,Other
917,31.0,Female
918,28.0,Other
919,,Male
920,,Female
921,49.0,Male
922,,Female
923,84.0,Female
924,47.0,Other
925,,Other
926,61.0,Male
927,192.0,Other
928,52.0,Other
929,80.0,Other
930,48.0,Female
931,83.0,Other
932,28.0,Male
933,27.0,Female
934,38.0,Female
935,43.0,Other
936,22.0,Female
937,85.0,Male
938,71.0,Male
939,73.0,Female
940,52.0,Other
941,65.0,Other
942,55.0,Female
943,65.0,Male
944,77.0,Female
945,,Other
946,35.0,Other
947,,Female
948,58.0,Male
949,26.0,Female
950,144.0,Male
951,,Male
952,,Female
953,77.0,Female
954,46.0,Male
955,144.0,Male
956,72.0,Male
957,69.0,Male
958,43.0,Other
959,,Female
960,,Male
961,51.0,Female
962,84.0,Male
963,60.0,Female
964,53.0,Female
965,78.0,Male
966,,Male
967,,Female
968,,Female
969,,Female
970,36.0,Other
971,,Male
972,24.0,Other
973,,Other
974,78.0,Male
975,33.0,Male
976,,Other
977,78.0,Male
978,58.0,Female
979,45.0,Female
980,53.0,Other
981,74.0,Other
982,33.0,Male
983,62.0,Male
984,,Other
985,62.0,Other
986,42.0,Female
987,19.0,Female
988,,Male
989,57.0,Female
990,50.0,Male
991,154.0,Male
992,,Male
993,23.0,Female
994,53.0,Other
995,21.0,Other
996,76.0,Female
997,31.0,Other
998,,Male
999,,Other
1000,40.0,Female
1001,71.0,Other
1002,74.0,Male
1003,30.0,Male
1004,42.0,Female
1005,60.0,Female
1006,58.0,Female
1007,64.0,Male
1008,69.0,Other
1009,25.0,Other
1010,,Female
1011,52.0,Other
1012,,Other
1013,43.0,Female
1014,18.0,Female
1015,33.0,Male
1016,29.0,Male
1017,32.0,Male
1018,29.0,Male
1019,,Other
1020,39.0,Other
1021,65.0,Male
1022,49.0,Male
1023,42.0,Female
1024,57.0,Other
1025,,Other
1026,35.0,Male
1027,42.0,Other
1028,55.0,Female
1029,29.0,Female
1030,62.0,Other
1031,39.0,Male
1032,,Other
1033,44.0,Female
1034,54.0,Male
1035,,Other
1036,52.0,Male
1037,,Male
1038,77.0,Female
1039,84.0,Male
1040,35.0,Other
1041,66.0,Male
1042,59.0,Male
1043,19.0,Other
1044,,Female
1045,30.0,Female
1046,,Other
1047,41.0,Other
1048,76.0,Female
1049,69.0,Male
1050,65.0,Other
1051,69.0,Male
1052,47.0,Other
1053,82.0,Female
1054,,Male
1055,69.0,Male
1056,39.0,Other
1057,85.0,Male
1058,,Other
1059,34.0,Female
1060,24.0,Male
1061,36.0,Other
1062,39.0,Male
1063,43.0,Other
1064,28.0,Other
1065,,Other
1066,49.0,Female
1067,,Male
1068,18.0,Female
1069,78.0,Other
1070,45.0,Other
1071,77.0,Female
1072,30.0,Female
1073,35.0,Male
1074,54.0,Other
1075,72.0,Female
1076,62.0,Other
1077,21.0,Other
1078,,Male
1079,65.0,Male
1080,18.0,Male
1081,27.0,Female
1082,42.0,Other
1083,,Female
1084,67.0,Female
1085,54.0,Male
1086,79.0,Other
1087,,Other
1088,38.0,Male
1089,31.0,Other
1090,30.0,Male
1091,19.0,Female
1092,,Female
1093,,Male
1094,19.0,Female
1095,69.0,Female
1096,72.0,Male
1097,75.0,Female
1098,60.0,Other
1099,32.0,Female
1100,67.0,Male
1101,18.0,Other
1102,51.0,Other
1103,,Female
1104,76.0,Other
1105,23.0,Male
1106,,Other
1107,65.0,Female
1108,55.0,Female
1109,154.0,Other
1110,,Male
1111,161.0,Male
1112,134.0,Female
1113,170.0,Female
1114,,Male
1115,,Other
1116,,Other
1117,73.0,Other
1118,76.0,Other
1119,85.0,Male
1120,161.0,Female
1121,30.0,Female
1122,28.0,Other
1123,56.0,Male
1124,152.0,Male
1125,28.0,Other
1126,32.0,Other
1127,56.0,Other
1128,49.0,Female
1129,193.0,Other
1130,73.0,Female
1131,41.0,Male
1132,69.0,Male
1133,52.0,Female
1134,,Female
1135,,Female
1136,53.0,Female
1137,58.0,Other
1138,,Male
1139,,Other
1140,54.0,Female
1141,76.0,Other
1142,60.0,Other
1143,19.0,Male
1144,74.0,Other
1145,,Male
1146,39.0,Female
1147,22.0,Other
1148,28.0,Female
1149,62.0,Male
1150,,Female
1151,56.0,Female
1152,77.0,Male
1153,,Female
1154,63.0,Female
1155,20.0,Female
1156,80.0,Other
1157,34.0,Female
1158,33.0,Male
1159,,Other
1160,,Other
1161,40.0,Male
1162,69.0,Female
1163,45.0,Other
1164,58.0,Other
1165,58.0,Other
1166,46.0,Female
1167,77.0,Other
1168,38.0,Male
1169,54.0,Female
1170,,Male
1171,40.0,Male
1172,71.0,Other
1173,21.0,Other
1174,82.0,Other
1175,70.0,Male
1176,49.0,Female
1177,,Other
1178,65.0,Other
1179,,Male
1180,67.0,Female
1181,38.0,Male
1182,48.0,Other
1183,,Male
1184,59.0,Other
1185,,Female
1186,,Male
1187,,Other
1188,74.0,Other
1189,77.0,Other
1190,60.0,Other
1191,49.0,Male
1192,18.0,Other
1193,70.0,Male
1194,67.0,Other
1195,,Male
1196,33.0,Male
1197,21.0,Other
1198,25.0,Other
1199,23.0,Other
1200,83.0,Other
1201,33.0,Female
1202,,Other
1203,32.0,Other
1204,61.0,Other
1205,,Male
1206,,Other
1207,60.0,Male
1208,80.0,Male
1209,61.0,Male
1210,75.0,Male
1211,22.0,Female
1212,54.0,Other
1213,,Male
1214,55.0,Other
1215,57.0,Male
1216,55.0,Female
1217,,Male
1218,55.0,Other
1219,47.0,Other
1220,,Female
1221,,Other
1222,51.0,Other
1223,84.0,Male
1224,39.0,Other
1225,82.0,Male
1226,80.0,Female
1227,79.0,Other
1228,,Male
1229,128.0,Other
1230,46.0,Male
1231,,Female
1232,33.0,Male
1233,76.0,Other
1234,19.0,Male
1235,85.0,Other
1236,64.0,Female
1237,30.0,Male
1238,52.0,Other
1239,28.0,Other
1240,84.0,Other
1241,,Male
1242,49.0,Male
1243,,Male
1244,52.0,Female
1245,42.0,Other
1246,34.0,Other
1247,47.0,Female
1248,,Female
1249,30.0,Male
1250,58.0,Male
1251,79.0,Male
1252,,Male
1253,,Male
1254,,Male
1255,80.0,Female
1256,175.0,Female
1257,74.0,Female
1258,76.0,Other
1259,70.0,Other
1260,40.0,Male
1261,54.0,Female
1262,49.0,Other
1263,82.0,Other
1264,41.0,Female
1265,83.0,Other
1266,26.0,Other
1267,30.0,Female
1268,41.0,Other
1269,,Female
1270,,Other
1271,,Female
1272,85.0,Other
1273,44.0,Other
1274,38.0,Female
1275,,Other
1276,38.0,Female
1277,84.0,Female
1278,71.0,Other
1279,51.0,Male
1280,56.0,Other
1281,63.0,Male
1282,57.0,Male
1283,71.0,Other
1284,,Male
1285,70.0,Female
1286,76.0,Female
1287,145.0,Male
1288,,Female
1289,65.0,Other
1290,,Female
1291,43.0,Male
1292,74.0,Other
1293,49.0,Female
1294,,Other
1295,78.0,Male
1296,67.0,Female
1297,80.0,Other
1298,,Other
1299,25.0,Female
1300,,Other
1301,65.0,Other
1302,78.0,Male
1303,,Male
1304,70.0,Male
1305,56.0,Male
1306,74.0,Male
1307,,Male
1308,51.0,Female
1309,20.0,Male
1310,,Other
1311,58.0,Female
1312,75.0,Other
1313,59.0,Male
1314,60.0,Male
1315,,Other
1316,20.0,Other
1317,,Other
1318,80.0,Female
1319,25.0,Male
1320,20.0,Other
1321,82.0,Male
1322,80.0,Other
1323,26.0,Male
1324,32.0,Female
1325,29.0,Male
1326,42.0,Other
1327,73.0,Male
1328,37.0,Female
1329,61.0,Female
1330,73.0,Male
1331,55.0,Other
1332,,Female
1333,148.0,Female
1334,46.0,Male
1335,76.0,Female
1336,63.0,Female
1337,37.0,Other
1338,,Other
1339,,Other
1340,23.0,Male
1341,26.0,Female
1342,47.0,Male
1343,38.0,Female
1344,45.0,Female
1345,176.0,Female
1346,,Other
1347,146.0,Male
1348,69.0,Male
1349,,Female
1350,33.0,Male
1351,,Other
1352,,Male
1353,33.0,Female
1354,,Other
1355,,Other
1356,63.0,Female
1357,42.0,Male
1358,,Female
1359,,Male
1360,83.0,Male
1361,,Other
1362,173.0,Female
1363,63.0,Other
1364,26.0,Female
1365,56.0,Female
1366,,Other
1367,67.0,Female
1368,155.0,Female
1369,23.0,Male
1370,,Female
1371,,Female
1372,37.0,Other
1373,,Other
1374,196.0,Female
1375,55.0,Male
1376,38.0,Male
1377,84.0,Other
1378,41.0,Female
1379,38.0,Female
1380,,Male
1381,,Male
1382,51.0,Male
1383,123.0,Other
1384,22.0,Female
1385,70.0,Other
1386,,Female
1387,85.0,Other
1388,,Female
1389,,Male
1390,71.0,Male
1391,78.0,Male
1392,74.0,Other
1393,,Male
1394,57.0,Female
1395,50.0,Other
1396,,Female
1397,30.0,Other
1398,43.0,Female
1399,,Female
1400,36.0,Other
1401,,Other
1402,,Male
1403,,Male
1404,31.0,Female
1405,,Female
1406,56.0,Female
1407,84.0,Other
1408,52.0,Other
1409,72.0,Male
1410,22.0,Female
1411,24.0,Male
1412,19.0,Other
1413,,Other
1414,,Other
1415,59.0,Male
1416,,Other
1417,42.0,Female
1418,69.0,Male
1419,51.0,Other
1420,53.0,Male
1421,61.0,Male
1422,50.0,Other
1423,76.0,Other
1424,61.0,Male
1425,64.0,Male
1426,189.0,Other
1427,,Female
1428,,Male
1429,55.0,Male
1430,,Female
1431,28.0,Other
1432,41.0,Other
1433,83.0,Female
1434,,Other
1435,20.0,Other
1436,,Male
1437,37.0,Male
1438,24.0,Male
1439,47.0,Female
1440,39.0,Other
1441,39.0,Other
1442,46.0,Male
1443,37.0,Male
1444,72.0,Female
1445,69.0,Other
1446,71.0,Female
1447,35.0,Other
1448,27.0,Female
1449,57.0,Male
1450,,Female
1451,26.0,Female
1452,,Male
1453,38.0,Other
1454,49.0,Other
1455,71.0,Male
1456,62.0,Female
1457,,Female
1458,69.0,Female
1459,,Other
1460,37.0,Female
1461,,Other
1462,,Female
1463,33.0,Male
1464,78.0,Male
1465,,Other
1466,76.0,Other
1467,,Male
1468,61.0,Male
1469,23.0,Female
1470,32.0,Male
1471,39.0,Other
1472,80.0,Male
1473,31.0,Other
1474,,Other
1475,64.0,Female
1476,,Female
1477,73.0,Female
1478,53.0,Female
1479,50.0,Male
1480,50.0,Female
1481,30.0,Male
1482,81.0,Female
1483,,Female
1484,80.0,Other
1485,66.0,Male
1486,66.0,Other
1487,,Female
1488,,Male
1489,30.0,Female
1490,48.0,Other
1491,71.0,Male
1492,23.0,Other
1493,76.0,Female
1494,69.0,Female
1495,73.0,Female
1496,192.0,Male
1497,,Other
1498,55.0,Other
1499,76.0,Female
1500,62.0,Other
1501,53.0,Male
1502,178.0,Female
1503,38.0,Female
1504,,Female
1505,59.0,Male
1506,40.0,Female
1507,60.0,Female
1508,47.0,Female
1509,29.0,Female
1510,81.0,Other
1511,43.0,Female
1512,62.0,Male
1513,64.0,Female
1514,59.0,Female
1515,,Other
1516,,Female
1517,55.0,Other
1518,68.0,Male
1519,29.0,Other
1520,,Female
1521,69.0,Male
1522,61.0,Female
1523,67.0,Other
1524,,Male
1525,55.0,Male
1526,59.0,Other
1527,23.0,Other
1528,,Male
1529,,Male
1530,148.0,Other
1531,49.0,Female
1532,45.0,Male
1533,,Other
1534,79.0,Female
1535,42.0,Male
1536,69.0,Male
1537,67.0,Other
1538,64.0,Female
1539,65.0,Male
1540,48.0,Female
1541,35.0,Female
1542,49.0,Male
1543,30.0,Female
1544,82.0,Male
1545,31.0,Female
1546,62.0,Male
1547,46.0,Other
1548,24.0,Male
1549,73.0,Male
1550,,Male
1551,177.0,Female
1552,62.0,Other
1553,26.0,Female
1554,53.0,Female
1555,21.0,Male
1556,35.0,Female
1557,75.0,Male
1558,56.0,Other
1559,83.0,Female
1560,58.0,Female
1561,24.0,Female
1562,33.0,Male
1563,26.0,Male
1564,42.0,Female
1565,,Female
1566,40.0,Other
1567,183.0,Other
1568,30.0,Other
1569,67.0,Other
1570,78.0,Other
1571,,Male
1572,63.0,Other
1573,,Other
1574,29.0,Female
1575,,Male
1576,28.0,Other
1577,85.0,Other
1578,25.0,Other
1579,65.0,Female
1580,,Female
1581,,Female
1582,161.0,Other
1583,192.0,Female
1584,40.0,Other
1585,,Male
1586,45.0,Other
1587,37.0,Female
1588,74.0,Male
1589,40.0,Other
1590,74.0,Male
1591,,Male
1592,,Male
1593,33.0,Other
1594,55.0,Female
1595,,Other
1596,39.0,Female
1597,37.0,Other
1598,76.0,Other
1599,67.0,Other
1600,26.0,Female
1601,48.0,Other
1602,69.0,Male
1603,,Other
1604,,Male
1605,30.0,Female
1606,59.0,Female
1607,84.0,Other
1608,43.0,Other
1609,43.0,Other
1610,69.0,Male
1611,21.0,Female
1612,79.0,Male
1613,54.0,Male
1614,85.0,Other
1615,29.0,Other
1616,40.0,Male
1617,21.0,Male
1618,,Other
1619,24.0,Other
1620,73.0,Male
1621,40.0,Other
1622,23.0,Other
1623,41.0,Male
1624,27.0,Male
1625,19.0,Female
1626,,Male
1627,32.0,Other
1628,150.0,Male
1629,60.0,Male
1630,47.0,Male
1631,23.0,Female
1632,,Female
1633,51.0,Other
1634,57.0,Female
1635,,Male
1636,52.0,Female
1637,172.0,Male
1638,42.0,Female
1639,19.0,Female
1640,75.0,Female
1641,,Male
1642,32.0,Female
1643,,Male
1644,41.0,Male
1645,50.0,Other
1646,68.0,Female
1647,51.0,Other
1648,,Other
1649,,Male
1650,29.0,Female
1651,34.0,Male
1652,181.0,Male
1653,,Female
1654,,Male
1655,26.0,Female
1656,,Female
1657,36.0,Male
1658,82.0,Male
1659,44.0,Other
1660,121.0,Male
1661,50.0,Female
1662,43.0,Other
1663,66.0,Female
1664,,Other
1665,41.0,Male
1666,74.0,Male
1667,,Male
1668,85.0,Female
1669,58.0,Other
1670,,Female
1671,20.0,Other
1672,59.0,Male
1673,31.0,Female
1674,120.0,Male
1675,33.0,Female
1676,22.0,Male
1677,78.0,Female
1678,54.0,Female
1679,48.0,Other
1680,62.0,Male
1681,79.0,Other
1682,64.0,Other
1683,,Male
1684,67.0,Female
1685,65.0,Other
1686,56.0,Male
1687,,Female
1688,47.0,Other
1689,63.0,Other
1690,,Other
1691,76.0,Female
1692,67.0,Other
1693,69.0,Female
1694,,Other
1695,42.0,Male
1696,64.0,Other
1697,70.0,Male
1698,68.0,Male
1699,,Male
1700,,Female
1701,70.0,Male
1702,,Other
1703,,Female
1704,67.0,Male
1705,74.0,Female
1706,,Female
1707,,Female
1708,37.0,Other
1709,43.0,Male
1710,,Female
1711,34.0,Female
1712,85.0,Female
1713,30.0,Male
1714,19.0,Female
1715,60.0,Female
1716,63.0,Other
1717,,Male
1718,,Other
1719,,Male
1720,58.0,Male
1721,78.0,Male
1722,56.0,Other
1723,,Other
1724,37.0,Other
1725,,Other
1726,,Female
1727,78.0,Female
1728,49.0,Female
1729,36.0,Male
1730,23.0,Female
1731,,Male
1732,39.0,Other
1733,64.0,Male
1734,41.0,Male
1735,182.0,Female
1736,61.0,Other
1737,26.0,Other
1738,,Female
1739,37.0,Other
1740,,Other
1741,43.0,Other
1742,28.0,Female
1743,81.0,Other
1744,,Male
1745,39.0,Male
1746,83.0,Other
1747,21.0,Female
1748,24.0,Female
1749,51.0,Female
1750,23.0,Other
1751,76.0,Other
1752,22.0,Male
1753,,Female
1754,20.0,Male
1755,78.0,Male
1756,154.0,Female
1757,83.0,Other
1758,70.0,Other
1759,62.0,Male
1760,80.0,Male
1761,75.0,Male
1762,58.0,Male
1763,20.0,Female
1764,31.0,Male
1765,,Male
1766,,Other
1767,,Other
1768,29.0,Other
1769,121.0,Female
1770,27.0,Female
1771,,Other
1772,76.0,Other
1773,31.0,Male
1774,35.0,Male
1775,,Female
1776,29.0,Female
1777,73.0,Male
1778,24.0,Other
1779,85.0,Male
1780,,Female
1781,81.0,Female
1782,54.0,Male
1783,25.0,Male
1784,28.0,Male
1785,,Female
1786,,Other
1787,,Male
1788,33.0,Female
1789,41.0,Female
1790,47.0,Female
1791,,Male
1792,70.0,Male
1793,72.0,Other
1794,48.0,Female
1795,50.0,Male
1796,25.0,Female
1797,,Female
1798,73.0,Other
1799,,Male
1800,19.0,Male
1801,58.0,Female
1802,64.0,Female
1803,26.0,Other
1804,58.0,Other
1805,79.0,Other
1806,80.0,Other
1807,42.0,Other
1808,,Other
1809,,Female
1810,77.0,Other
1811,69.0,Female
1812,75.0,Female
1813,,Male
1814,21.0,Female
1815,66.0,Female
1816,69.0,Other
1817,40.0,Female
1818,,Other
1819,20.0,Other
1820,61.0,Other
1821,,Male
1822,53.0,Other
1823,,Female
1824,73.0,Other
1825,80.0,Other
1826,31.0,Other
1827,,Male
1828,55.0,Female
1829,,Male
1830,45.0,Female
1831,159.0,Male
1832,57.0,Female
1833,33.0,Male
1834,61.0,Other
1835,34.0,Male
1836,26.0,Male
1837,,Other
1838,59.0,Other
1839,58.0,Female
1840,78.0,Female
1841,60.0,Female
1842,59.0,Male
1843,47.0,Female
1844,49.0,Male
1845,20.0,Male
1846,67.0,Female
1847,28.0,Female
1848,52.0,Male
1849,,Other
1850,53.0,Other
1851,25.0,Male
1852,18.0,Female
1853,79.0,Male
1854,58.0,Male
1855,43.0,Female
1856,33.0,Other
1857,42.0,Male
1858,49.0,Other
1859,19.0,Other
1860,55.0,Female
1861,,Male
1862,28.0,Male
1863,36.0,Other
1864,38.0,Other
1865,31.0,Female
1866,43.0,Other
1867,38.0,Female
1868,20.0,Male
1869,,Female
1870,65.0,Other
1871,,Male
1872,21.0,Female
1873,68.0,Male
1874,,Female
1875,54.0,Other
1876,23.0,Other
1877,34.0,Male
1878,35.0,Male
1879,,Male
1880,48.0,Female
1881,,Other
1882,28.0,Male
1883,81.0,Male
1884,71.0,Male
1885,37.0,Female
1886,44.0,Male
1887,51.0,Male
1888,,Female
1889,,Female
1890,148.0,Male
1891,149.0,Male
1892,35.0,Female
1893,68.0,Other
1894,,Female
1895,71.0,Other
1896,195.0,Male
1897,,Male
1898,,Other
1899,28.0,Female
1900,39.0,Male
1901,18.0,Other
1902,54.0,Female
1903,67.0,Other
1904,,Female
1905,,Female
1906,59.0,Female
1907,54.0,Female
1908,83.0,Other
1909,32.0,Other
1910,,Other
1911,44.0,Other
1912,,Other
1913,45.0,Female
1914,64.0,Male
1915,47.0,Male
1916,50.0,Other
1917,,Other
1918,,Male
1919,,Female
1920,44.0,Other
1921,59.0,Female
1922,39.0,Male
1923,54.0,Male
1924,49.0,Other
1925,,Female
1926,,Other
1927,,Male
1928,,Female
1929,,Other
1930,,Other
1931,176.0,Other
1932,38.0,Male
1933,,Other
1934,72.0,Female
1935,53.0,Other
1936,124.0,Male
1937,51.0,Other
1938,44.0,Male
1939,,Male
1940,21.0,Female
1941,40.0,Female
1942,,Other
1943,,Male
1944,,Male
1945,52.0,Female
1946,79.0,Female
1947,,Other
1948,68.0,Male
1949,183.0,Female
1950,40.0,Other
1951,23.0,Male
1952,53.0,Male
1953,43.0,Female
1954,154.0,Other
1955,75.0,Female
1956,23.0,Other
1957,73.0,Male
1958,47.0,Other
1959,54.0,Other
1960,76.0,Other
1961,65.0,Other
1962,36.0,Other
1963,70.0,Female
1964,,Other
1965,62.0,Other
1966,81.0,Male
1967,73.0,Other
1968,,Male
1969,63.0,Female
1970,39.0,Female
1971,36.0,Other
1972,38.0,Female
1973,44.0,Other
1974,71.0,Female
1975,23.0,Other
1976,50.0,Other
1977,39.0,Male
1978,60.0,Male
1979,65.0,Male
1980,68.0,Male
1981,,Other
1982,31.0,Female
1983,,Other
1984,42.0,Male
1985,82.0,Male
1986,27.0,Female
1987,69.0,Male
1988,30.0,Other
1989,20.0,Other
1990,,Other
1991,,Other
1992,,Other
1993,50.0,Female
1994,63.0,Other
1995,196.0,Male
1996,44.0,Male
1997,79.0,Male
1998,80.0,Male
1999,62.0,Female
2000,,Male
2001,67.0,Female
2002,72.0,Male
2003,62.0,Female
2004,21.0,Female
2005,29.0,Female
2006,28.0,Male
2007,,Female
2008,30.0,Other
2009,48.0,Other
2010,59.0,Male
2011,75.0,Other
2012,,Other
2013,136.0,Other
2014,21.0,Male
2015,82.0,Male
2016,,Other
2017,24.0,Male
2018,84.0,Female
2019,55.0,Other
2020,196.0,Male
2021,37.0,Male
2022,79.0,Other
2023,142.0,Male
2024,143.0,Other
2025,,Male
2026,81.0,Female
2027,,Other
2028,32.0,Female
2029,,Other
2030,,Male
2031,21.0,Female
2032,73.0,Male
2033,,Other
2034,31.0,Other
2035,175.0,Other
2036,26.0,Other
2037,,Other
2038,78.0,Female
2039,35.0,Other
2040,,Male
2041,,Female
2042,75.0,Male
2043,51.0,Other
2044,41.0,Male
2045,23.0,Female
2046,,Female
2047,,Female
2048,,Male
2049,127.0,Female
2050,187.0,Male
2051,19.0,Other
2052,58.0,Other
2053,45.0,Male
2054,,Female
2055,30.0,Male
2056,,Male
2057,27.0,Male
2058,,Other
2059,,Male
2060,26.0,Other
2061,27.0,Male
2062,70.0,Other
2063,46.0,Male
2064,73.0,Male
2065,,Female
2066,42.0,Female
2067,68.0,Male
2068,46.0,Male
2069,83.0,Male
2070,38.0,Male
2071,,Female
2072,27.0,Other
2073,128.0,Male
2074,36.0,Female
2075,155.0,Male
2076,61.0,Male
2077,59.0,Other
2078,78.0,Male
2079,35.0,Male
2080,80.0,Other
2081,26.0,Other
2082,52.0,Other
2083,47.0,Other
2084,48.0,Female
2085,57.0,Female
2086,,Female
2087,53.0,Male
2088,42.0,Other
2089,35.0,Other
2090,42.0,Female
2091,59.0,Male
2092,,Male
2093,33.0,Male
2094,49.0,Female
2095,,Male
2096,41.0,Male
2097,65.0,Male
2098,,Other
2099,76.0,Female
2100,27.0,Other
2101,68.0,Other
2102,,Female
2103,,Other
2104,76.0,Male
2105,53.0,Male
2106,52.0,Male
2107,,Male
2108,31.0,Female
2109,33.0,Other
2110,,Other
2111,,Male
2112,23.0,Male
2113,52.0,Other
2114,,Female
2115,,Other
2116,23.0,Male
2117,19.0,Male
2118,,Female
2119,54.0,Other
2120,52.0,Female
2121,48.0,Female
2122,,Male
2123,46.0,Other
2124,,Male
2125,20.0,Other
2126,52.0,Male
2127,49.0,Male
2128,76.0,Other
2129,46.0,Other
2130,159.0,Male
2131,67.0,Other
2132,28.0,Male
2133,37.0,Other
2134,66.0,Male
2135,,Male
2136,80.0,Male
2137,61.0,Female
2138,67.0,Other
2139,65.0,Male
2140,,Female
2141,,Male
2142,39.0,Female
2143,58.0,Male
2144,55.0,Male
2145,78.0,Female
2146,49.0,Female
2147,20.0,Other
2148,66.0,Other
2149,,Female
2150,72.0,Other
2151,,Female
2152,64.0,Other
2153,38.0,Male
2154,,Other
2155,85.0,Male
2156,66.0,Male
2157,29.0,Other
2158,24.0,Female
2159,50.0,Male
2160,73.0,Male
2161,47.0,Other
2162,26.0,Female
2163,,Female
2164,,Other
2165,,Female
2166,40.0,Other
2167,72.0,Other
2168,43.0,Other
2169,30.0,Male
2170,33.0,Male
2171,65.0,Male
2172,41.0,Other
2173,,Male
2174,,Male
2175,83.0,Male
2176,25.0,Other
2177,78.0,Other
2178,,Other
2179,,Male
2180,53.0,Female
2181,32.0,Male
2182,23.0,Male
2183,,Other
2184,178.0,Other
2185,68.0,Male
2186,85.0,Male
2187,84.0,Female
2188,69.0,Female
2189,70.0,Other
2190,,Female
2191,22.0,Female
2192,,Other
2193,56.0,Female
2194,,Male
2195,56.0,Female
2196,43.0,Other
2197,36.0,Male
2198,35.0,Female
2199,49.0,Male
2200,,Male
2201,50.0,Female
2202,77.0,Female
2203,34.0,Other
2204,36.0,Other
2205,55.0,Male
2206,67.0,Other
2207,27.0,Male
2208,83.0,Male
2209,181.0,Other
2210,,Other
2211,82.0,Other
2212,,Female
2213,52.0,Male
2214,,Male
2215,65.0,Male
2216,,Other
2217,76.0,Other
2218,65.0,Other
2219,,Other
2220,74.0,Other
2221,83.0,Female
2222,,Other
2223,82.0,Male
2224,,Other
2225,66.0,Male
2226,52.0,Other
2227,,Other
2228,67.0,Male
2229,23.0,Male
2230,42.0,Male
2231,37.0,Male
2232,44.0,Female
2233,,Male
2234,,Other
2235,79.0,Other
2236,39.0,Female
2237,28.0,Male
2238,61.0,Other
2239,78.0,Female
2240,60.0,Other
2241,37.0,Female
2242,84.0,Female
2243,49.0,Male
2244,,Female
2245,,Other
2246,83.0,Other
2247,69.0,Male
2248,,Male
2249,50.0,Female
2250,,Male
2251,,Other
2252,,Other
2253,49.0,Male
2254,30.0,Male
2255,70.0,Male
2256,60.0,Female
2257,79.0,Female
2258,58.0,Other
2259,69.0,Female
2260,78.0,Female
2261,65.0,Female
2262,,Female
2263,,Other
2264,68.0,Male
2265,48.0,Other
2266,39.0,Female
2267,66.0,Male
2268,28.0,Male
2269,189.0,Male
2270,37.0,Other
2271,142.0,Male
2272,,Other
2273,63.0,Other
2274,39.0,Female
2275,22.0,Female
2276,23.0,Male
2277,42.0,Male
2278,80.0,Female
2279,,Other
2280,85.0,Other
2281,,Female
2282,77.0,Other
2283,83.0,Female
2284,,Female
2285,22.0,Male
2286,38.0,Male
2287,63.0,Female
2288,69.0,Male
2289,57.0,Female
2290,77.0,Other
2291,,Other
2292,,Other
2293,,Other
2294,31.0,Female
2295,27.0,Other
2296,58.0,Other
2297,73.0,Other
2298,56.0,Other
2299,78.0,Female
2300,68.0,Other
2301,,Male
2302,,Male
2303,,Male
2304,41.0,Male
2305,68.0,Male
2306,75.0,Male
2307,,Female
2308,72.0,Male
2309,41.0,Other
2310,,Male
2311,71.0,Female
2312,,Male
2313,23.0,Other
2314,81.0,Other
2315,41.0,Female
2316,64.0,Female
2317,65.0,Female
2318,82.0,Female
2319,,Male
2320,,Male
2321,82.0,Other
2322,85.0,Female
2323,43.0,Female
2324,23.0,Male
2325,55.0,Female
2326,23.0,Other
2327,195.0,Other
2328,78.0,Female
2329,77.0,Other
2330,47.0,Other
2331,46.0,Male
2332,22.0,Other
2333,50.0,Female
2334,149.0,Female
2335,,Other
2336,68.0,Female
2337,,Male
2338,,Other
2339,,Other
2340,71.0,Other
2341,,Female
2342,57.0,Female
2343,81.0,Other
2344,54.0,Female
2345,67.0,Female
2346,43.0,Other
2347,,Other
2348,49.0,Female
2349,136.0,Other
2350,39.0,Other
2351,71.0,Other
2352,,Other
2353,64.0,Female
2354,,Other
2355,26.0,Male
2356,,Other
2357,,Male
2358,,Other
2359,26.0,Male
2360,52.0,Male
2361,75.0,Other
2362,77.0,Other
2363,53.0,Other
2364,29.0,Male
2365,42.0,Female
2366,20.0,Female
2367,29.0,Other
2368,61.0,Female
2369,,Female
2370,79.0,Other
2371,62.0,Male
2372,,Other
2373,73.0,Female
2374,,Male
2375,45.0,Female
2376,,Male
2377,26.0,Female
2378,81.0,Other
2379,59.0,Female
2380,23.0,Female
2381,,Male
2382,,Female
2383,167.0,Other
2384,18.0,Other
2385,28.0,Other
2386,,Male
2387,,Male
2388,35.0,Female
2389,61.0,Female
2390,,Female
2391,58.0,Male
2392,,Male
2393,22.0,Female
2394,56.0,Male
2395,51.0,Male
2396,53.0,Other
2397,27.0,Other
2398,81.0,Female
2399,20.0,Female
2400,,Other
2401,29.0,Male
2402,30.0,Female
2403,51.0,Female
2404,33.0,Female
2405,,Male
2406,,Other
2407,53.0,Female
2408,28.0,Other
2409,56.0,Other
2410,30.0,Male
2411,23.0,Male
2412,29.0,Male
2413,24.0,Male
2414,,Male
2415,,Male
2416,181.0,Female
2417,,Other
2418,31.0,Male
2419,49.0,Female
2420,,Other
2421,,Male
2422,31.0,Male
2423,147.0,Female
2424,83.0,Other
2425,,Male
2426,52.0,Other
2427,42.0,Female
2428,73.0,Male
2429,,Other
2430,85.0,Female
2431,70.0,Female
2432,49.0,Male
2433,71.0,Other
2434,18.0,Male
2435,42.0,Male
2436,41.0,Other
2437,49.0,Other
2438,,Other
2439,,Female
2440,27.0,Female
2441,45.0,Other
2442,18.0,Female
2443,19.0,Male
2444,75.0,Other
2445,,Male
2446,65.0,Other
2447,84.0,Male
2448,43.0,Other
2449,67.0,Male
2450,49.0,Other
2451,73.0,Other
2452,,Female
2453,,Male
2454,25.0,Female
2455,44.0,Male
2456,36.0,Female
2457,19.0,Other
2458,26.0,Female
2459,46.0,Female
2460,53.0,Other
2461,52.0,Female
2462,,Other
2463,,Male
2464,150.0,Female
2465,83.0,Other
2466,52.0,Other
2467,30.0,Female
2468,57.0,Male
2469,192.0,Female
2470,54.0,Other
2471,85.0,Male
2472,85.0,Female
2473,,Other
2474,71.0,Female
2475,144.0,Male
2476,,Male
2477,72.0,Male
2478,43.0,Male
2479,63.0,Male
2480,,Female
2481,49.0,Male
2482,63.0,Male
2483,60.0,Other
2484,20.0,Male
2485,35.0,Other
2486,,Other
2487,70.0,Other
2488,31.0,Female
2489,74.0,Female
2490,45.0,Other
2491,,Female
2492,,Male
2493,70.0,Female
2494,,Male
2495,75.0,Male
2496,48.0,Female
2497,50.0,Female
2498,48.0,Other
2499,,Female
2500,18.0,Female
2501,45.0,Female
2502,30.0,Male
2503,,Male
2504,53.0,Male
2505,,Other
2506,75.0,Other
2507,30.0,Other
2508,53.0,Male
2509,,Female
2510,23.0,Other
2511,44.0,Other
2512,,Male
2513,75.0,Other
2514,,Female
2515,,Male
2516,,Male
2517,56.0,Female
2518,26.0,Female
2519,66.0,Female
2520,,Other
2521,71.0,Female
2522,,Male
2523,37.0,Female
2524,39.0,Male
2525,85.0,Male
2526,60.0,Other
2527,45.0,Female
2528,74.0,Other
2529,45.0,Female
2530,20.0,Female
2531,,Female
2532,77.0,Female
2533,32.0,Female
2534,24.0,Male
2535,,Male
2536,32.0,Female
2537,35.0,Male
2538,,Other
2539,,Other
2540,48.0,Other
2541,27.0,Female
2542,,Female
2543,29.0,Male
2544,35.0,Male
2545,182.0,Male
2546,46.0,Other
2547,36.0,Other
2548,28.0,Other
2549,39.0,Other
2550,61.0,Male
2551,,Female
2552,21.0,Female
2553,28.0,Other
2554,28.0,Female
2555,,Female
2556,,Female
2557,65.0,Other
2558,,Male
2559,21.0,Male
2560,58.0,Female
2561,82.0,Male
2562,51.0,Male
2563,,Other
2564,79.0,Other
2565,27.0,Female
2566,,Female
2567,23.0,Female
2568,82.0,Other
2569,196.0,Male
2570,,Other
2571,66.0,Other
2572,64.0,Male
2573,37.0,Male
2574,48.0,Female
2575,83.0,Male
2576,,Male
2577,64.0,Male
2578,66.0,Male
2579,23.0,Female
2580,44.0,Female
2581,,Male
2582,76.0,Male
2583,20.0,Female
2584,85.0,Female
2585,,Male
2586,,Other
2587,135.0,Female
2588,85.0,Female
2589,,Female
2590,18.0,Male
2591,40.0,Male
2592,49.0,Female
2593,42.0,Male
2594,52.0,Male
2595,,Female
2596,69.0,Male
2597,39.0,Other
2598,57.0,Male
2599,49.0,Male
2600,34.0,Female
2601,85.0,Female
2602,50.0,Other
2603,,Male
2604,55.0,Other
2605,38.0,Other
2606,55.0,Female
2607,171.0,Male
2608,65.0,Female
2609,55.0,Other
2610,,Other
2611,28.0,Female
2612,53.0,Female
2613,85.0,Female
2614,46.0,Female
2615,82.0,Female
2616,53.0,Other
2617,77.0,Female
2618,61.0,Male
2619,,Other
2620,55.0,Other
2621,,Male
2622,63.0,Male
2623,,Other
2624,33.0,Female
2625,36.0,Other
2626,76.0,Other
2627,33.0,Male
2628,43.0,Other
2629,,Female
2630,,Male
2631,35.0,Other
2632,46.0,Other
2633,,Female
2634,129.0,Other
2635,82.0,Other
2636,67.0,Other
2637,,Other
2638,85.0,Female
2639,143.0,Other
2640,,Other
2641,,Other
2642,60.0,Male
2643,34.0,Female
2644,19.0,Male
2645,,Male
2646,81.0,Female
2647,33.0,Male
2648,18.0,Male
2649,68.0,Male
2650,35.0,Female
2651,27.0,Other
2652,54.0,Female
2653,,Female
2654,85.0,Female
2655,35.0,Male
2656,39.0,Other
2657,45.0,Female
2658,27.0,Female
2659,,Other
2660,27.0,Other
2661,,Other
2662,55.0,Male
2663,,Other
2664,23.0,Male
2665,61.0,Female
2666,,Male
2667,23.0,Other
2668,34.0,Male
2669,23.0,Other
2670,25.0,Male
2671,67.0,Female
2672,21.0,Male
2673,27.0,Female
2674,30.0,Other
2675,50.0,Female
2676,73.0,Other
2677,31.0,Other
2678,72.0,Female
2679,36.0,Female
2680,51.0,Male
2681,32.0,Male
2682,,Female
2683,187.0,Female
2684,61.0,Female
2685,85.0,Female
2686,,Other
2687,,Female
2688,,Female
2689,24.0,Female
2690,,Female
2691,20.0,Other
2692,167.0,Male
2693,26.0,Male
2694,41.0,Male
2695,75.0,Male
2696,39.0,Male
2697,71.0,Other
2698,66.0,Male
2699,76.0,Other
2700,,Other
2701,64.0,Male
2702,49.0,Male
2703,,Male
2704,82.0,Female
2705,42.0,Other
2706,31.0,Male
2707,,Female
2708,55.0,Other
2709,73.0,Female
2710,25.0,Female
2711,78.0,Male
2712,,Other
2713,71.0,Female
2714,176.0,Other
2715,,Male
2716,,Other
2717,47.0,Female
2718,64.0,Female
2719,84.0,Other
2720,,Female
2721,54.0,Female
2722,70.0,Female
2723,36.0,Male
2724,73.0,Male
2725,36.0,Female
2726,36.0,Other
2727,66.0,Male
2728,27.0,Other
2729,79.0,Female
2730,36.0,Female
2731,58.0,Other
2732,33.0,Male
2733,52.0,Other
2734,57.0,Other
2735,23.0,Female
2736,39.0,Male
2737,18.0,Other
2738,68.0,Male
2739,25.0,Female
2740,,Male
2741,43.0,Female
2742,,Male
2743,60.0,Other
2744,21.0,Female
2745,,Other
2746,,Female
2747,53.0,Male
2748,,Male
2749,59.0,Female
2750,,Female
2751,84.0,Female
2752,,Male
2753,70.0,Female
2754,65.0,Female
2755,,Other
2756,183.0,Female
2757,68.0,Other
2758,,Other
2759,35.0,Other
2760,70.0,Male
2761,62.0,Other
2762,,Female
2763,80.0,Male
2764,67.0,Male
2765,26.0,Male
2766,68.0,Male
2767,51.0,Male
2768,,Male
2769,,Male
2770,,Other
2771,,Female
2772,58.0,Female
2773,43.0,Other
2774,31.0,Other
2775,77.0,Male
2776,,Male
2777,39.0,Other
2778,38.0,Male
2779,,Female
2780,,Female
2781,83.0,Male
2782,77.0,Male
2783,62.0,Male
2784,75.0,Female
2785,,Male
2786,51.0,Other
2787,39.0,Male
2788,36.0,Other
2789,23.0,Male
2790,53.0,Male
2791,75.0,Female
2792,,Other
2793,78.0,Other
2794,77.0,Other
2795,83.0,Female
2796,,Other
2797,,Female
2798,,Male
2799,,Male
2800,,Other
2801,41.0,Male
2802,,Male
2803,,Other
2804,39.0,Male
2805,80.0,Other
2806,74.0,Other
2807,,Male
2808,49.0,Male
2809,40.0,Male
2810,70.0,Male
2811,,Male
2812,,Female
2813,20.0,Male
2814,72.0,Female
2815,33.0,Other
2816,69.0,Male
2817,69.0,Male
2818,19.0,Male
2819,189.0,Other
2820,,Female
2821,46.0,Female
2822,38.0,Male
2823,,Male
2824,64.0,Male
2825,,Male
2826,31.0,Other
2827,37.0,Male
2828,40.0,Other
2829,,Male
2830,68.0,Female
2831,23.0,Female
2832,52.0,Male
2833,,Male
2834,20.0,Other
2835,22.0,Male
2836,47.0,Male
2837,50.0,Male
2838,34.0,Female
2839,83.0,Other
2840,28.0,Female
2841,82.0,Other
2842,22.0,Female
2843,63.0,Male
2844,69.0,Female
2845,41.0,Female
2846,,Other
2847,27.0,Other
2848,77.0,Female
2849,67.0,Other
2850,73.0,Other
2851,37.0,Other
2852,84.0,Other
2853,22.0,Other
2854,85.0,Female
2855,,Other
2856,48.0,Male
2857,21.0,Female
2858,67.0,Female
2859,76.0,Female
2860,135.0,Other
2861,,Male
2862,61.0,Other
2863,41.0,Female
2864,68.0,Female
2865,,Female
2866,55.0,Female
2867,,Other
2868,,Male
2869,52.0,Male
2870,46.0,Female
2871,31.0,Male
2872,28.0,Female
2873,41.0,Female
2874,79.0,Male
2875,,Female
2876,39.0,Male
2877,46.0,Female
2878,65.0,Male
2879,,Female
2880,31.0,Male
2881,64.0,Female
2882,,Female
2883,67.0,Female
2884,20.0,Male
2885,54.0,Other
2886,42.0,Female
2887,83.0,Female
2888,32.0,Male
2889,39.0,Female
2890,,Female
2891,48.0,Female
2892,166.0,Female
2893,,Other
2894,76.0,Other
2895,,Female
2896,45.0,Female
2897,45.0,Female
2898,85.0,Other
2899,,Other
2900,58.0,Male
2901,,Male
2902,37.0,Female
2903,31.0,Female
2904,29.0,Other
2905,,Female
2906,85.0,Female
2907,85.0,Other
2908,34.0,Other
2909,166.0,Other
2910,,Other
2911,62.0,Male
2912,60.0,Other
2913,72.0,Other
2914,82.0,Female
2915,74.0,Female
2916,35.0,Female
2917,61.0,Male
2918,53.0,Other
2919,72.0,Other
2920,58.0,Male
2921,54.0,Other
2922,,Female
2923,,Male
2924,28.0,Other
2925,60.0,Male
2926,,Male
2927,125.0,Other
2928,,Female
2929,47.0,Other
2930,27.0,Other
2931,32.0,Female
2932,26.0,Other
2933,,Other
2934,84.0,Other
2935,,Male
2936,41.0,Male
2937,54.0,Male
2938,67.0,Other
2939,80.0,Female
2940,,Male
2941,46.0,Female
2942,74.0,Other
2943,70.0,Male
2944,,Other
2945,,Female
2946,39.0,Male
2947,26.0,Male
2948,40.0,Male
2949,31.0,Male
2950,26.0,Female
2951,,Male
2952,18.0,Other
2953,25.0,Male
2954,131.0,Female
2955,80.0,Male
2956,,Female
2957,21.0,Female
2958,69.0,Other
2959,76.0,Male
2960,,Male
2961,,Male
2962,51.0,Other
2963,52.0,Other
2964,22.0,Female
2965,83.0,Female
2966,76.0,Female
2967,48.0,Other
2968,41.0,Other
2969,78.0,Other
2970,,Female
2971,74.0,Other
2972,41.0,Female
2973,59.0,Female
2974,,Male
2975,,Male
2976,45.0,Male
2977,30.0,Female
2978,27.0,Male
2979,36.0,Male
2980,,Male
2981,,Other
2982,49.0,Female
2983,44.0,Male
2984,52.0,Other
2985,77.0,Other
2986,46.0,Other
2987,,Male
2988,20.0,Other
2989,50.0,Female
2990,81.0,Other
2991,41.0,Other
2992,74.0,Other
2993,,Other
2994,38.0,Female
2995,,Male
2996,,Female
2997,85.0,Female
2998,45.0,Male
2999,59.0,Other
3000,,Male
3001,84.0,Male
3002,,Female
3003,,Male
3004,30.0,Other
3005,,Female
3006,24.0,Other
3007,23.0,Female
3008,77.0,Other
3009,74.0,Male
3010,65.0,Male
3011,48.0,Male
3012,25.0,Other
3013,23.0,Female
3014,,Female
3015,67.0,Female
3016,59.0,Male
3017,,Other
3018,,Female
3019,44.0,Other
3020,29.0,Female
3021,,Male
3022,,Other
3023,62.0,Female
3024,43.0,Female
3025,83.0,Female
3026,,Female
3027,18.0,Male
3028,28.0,Female
3029,,Female
3030,32.0,Male
3031,,Female
3032,,Other
3033,,Other
3034,,Female
3035,,Male
3036,,Male
3037,76.0,Male
3038,35.0,Female
3039,,Female
3040,29.0,Other
3041,,Male
3042,41.0,Female
3043,,Female
3044,137.0,Female
3045,85.0,Male
3046,43.0,Male
3047,45.0,Other
3048,,Male
3049,61.0,Female
3050,,Other
3051,,Male
3052,,Male
3053,56.0,Male
3054,54.0,Male
3055,,Female
3056,,Male
3057,,Female
3058,85.0,Female
3059,,Female
3060,161.0,Other
3061,54.0,Female
3062,195.0,Male
3063,,Other
3064,62.0,Male
3065,26.0,Female
3066,18.0,Male
3067,62.0,Other
3068,,Other
3069,20.0,Male
3070,76.0,Male
3071,,Male
3072,63.0,Other
3073,67.0,Female
3074,45.0,Male
3075,27.0,Female
3076,21.0,Other
3077,,Male
3078,33.0,Male
3079,47.0,Other
3080,39.0,Male
3081,28.0,Female
3082,20.0,Other
3083,54.0,Other
3084,31.0,Male
3085,38.0,Other
3086,18.0,Male
3087,,Male
3088,49.0,Other
3089,,Male
3090,,Female
3091,81.0,Female
3092,75.0,Male
3093,57.0,Female
3094,62.0,Male
3095,40.0,Female
3096,31.0,Other
3097,,Male
3098,18.0,Male
3099,,Male
3100,83.0,Male
4607,84.0,Male
3205,60.0,Male
4504,,Other
4428,,Other
5757,68.0,Female
4084,67.0,Male
5920,58.0,Female
5678,72.0,Female
4685,65.0,Other
3649,75.0,Female
5407,53.0,Other
6009,74.0,Female
5687,,Male
3440,53.0,Female
4915,47.0,Other
3570,36.0,Other
4331,55.0,Other
5206,67.0,Female
4594,55.0,Female
4273,44.0,Other
3405,75.0,Male
5391,58.0,Male
4019,,Female
5657,45.0,Female
4514,59.0,Other
3758,51.0,Female
5925,60.0,Female
4382,51.0,Other
3637,62.0,Other
5815,33.0,Female
4604,,Male
3688,,Female
3353,,Male
4957,73.0,Male
5840,28.0,Male
5270,37.0,Other
5743,60.0,Other
5151,,Other
3772,,Female
4716,63.0,Other
5763,80.0,Other
4384,22.0,Female
3495,57.0,Female
3375,72.0,Male
5600,34.0,Female
6008,77.0,Female
3858,153.0,Other
3480,49.0,Male
4327,73.0,Male
4633,51.0,Female
5113,52.0,Other
4310,,Other
6011,48.0,Other
4312,75.0,Other
4410,22.0,Female
3711,52.0,Other
3346,32.0,Male
3938,71.0,Male
3266,22.0,Female
5824,64.0,Other
